member_id,member_no,password,email,fbid,fbemail,mobile_no,salutation,firstname,middlename,lastname,birth_year,birth_month,birth_day,gender,hkid,address1,address2,address3,district,region,reg_source,referrer,reg_status,reg_ip,activate_key,hash_key,session,status,opt_in,member_level_id,member_category_id,available_point,crt_date,upd_date,crt_by_type,crt_by,upd_by_type,upd_by,record_status,fullname,member_level_name
1272,LFM101001,A96C089E-CFDBF796-BBEECABD-0C47059F-B70B7183-B9D89A72-15F5F231-8B9D7A56,LFM101001@palmary.com,,,1999101001,1,Pauline,Yeung,q,1900,1,1,1,Z1234,,,,0,0,0,0,0,,,123456,,1,0,4,7,20,2014/5/13 下午 03:26:27,2015/6/24 下午 12:30:03,2,1,2,1,0,Pauline Yeung q,Platinum
1273,LFM101006,1EA912B9-B46CB0A4-A7DC9565-A1B5C5B0-6A339C65-BEFBD90E-2AB3F4B3-61E27C5A,LFM101006@palmary.com,,,1999101006,1,Lee Yin Lam Joey,,,1900,1,1,1,Z1234,,,,0,0,0,,0,::1,,,,1,0,4,7,0,2014/5/13 下午 03:26:27,2014/5/13 下午 03:26:27,2,1,2,1,0,"Lee Yin Lam Joey  ",Platinum
1274,LFM101039,D160CECF-6F8CC030-93766E5A-101FF067-48335020-54D835E3-1BC84B97-55BF5C83,LFM101039@palmary.com,,,1999101039,1,Chan Suet Fai,,,1900,1,1,1,Z1234,,,,0,0,0,,0,::1,,,,1,0,4,7,0,2014/5/13 下午 03:26:27,2014/5/13 下午 03:26:27,2,1,2,1,0,"Chan Suet Fai  ",Platinum
1275,LFM101068,A2560BF7-469E2D25-C4EF0033-0D7DAD7D-85B28C84-39AE3DA9-8C01D0AB-12914ECA,LFM101068@palmary.com,,,1999101068,1,Lee Jin Jin,,,1900,1,1,1,Z1234,,,,0,0,0,,0,::1,,,,1,0,4,7,0,2014/5/13 下午 03:26:27,2014/5/13 下午 03:26:27,2,1,2,1,0,"Lee Jin Jin  ",Platinum
1276,LFM101076,1AFF0E7D-997F4BAB-22314D60-60DB1C5F-2049D185-248825AD-5204AB61-9BC74D20,LFM101076@palmary.com,,,1999101076,1,Lin Suk Fong Annie,,,1900,1,1,1,Z1234,,,,0,0,0,,0,::1,,,,1,0,4,7,0,2014/5/13 下午 03:26:27,2014/5/13 下午 03:26:27,2,1,2,1,0,"Lin Suk Fong Annie  ",Platinum
1277,LFM101080,048932D2-E2E752EF-14B6ACC5-97811B8D-D939853B-38F93DD6-8D09F7B6-0F8EC9A0,LFM101080@palmary.com,,,1999101080,1,Tong Yu Lan Tracy,,,1900,1,1,1,Z1234,,,,0,0,0,,0,::1,,,,1,0,4,7,0,2014/5/13 下午 03:26:27,2014/5/13 下午 03:26:27,2,1,2,1,0,"Tong Yu Lan Tracy  ",Platinum
1278,LFM101081,EBF44027-505FCD91-037A13FB-FA9BEB0B-41AEC05A-EB35D068-B1B13476-F680B3D9,LFM101081@palmary.com,,,1999101081,1,Eric Wong,,,1900,1,1,1,Z1234,,,,0,0,0,,0,::1,,,,1,0,4,7,0,2014/5/13 下午 03:26:27,2014/5/13 下午 03:26:27,2,1,2,1,0,"Eric Wong  ",Platinum
1279,LFM101090,BD734875-4DB8178F-7B9B7D41-531B038B-E9310AD2-040A8D23-A479BA64-113A7E93,LFM101090@palmary.com,,,1999101090,1,Chan Yuk Chee Ivy,,,1900,1,1,1,Z1234,,,,0,0,0,,0,::1,,,,1,0,4,7,0,2014/5/13 下午 03:26:27,2014/5/13 下午 03:26:27,2,1,2,1,0,"Chan Yuk Chee Ivy  ",Platinum
1280,LFM101103,F5FBB639-CF0FA196-D3775451-FA28D216-E65991CE-DAF1E0A7-6C87D06C-BF62F53B,LFM101103@palmary.com,,,1999101103,1,Ho Lan Ying,,,1900,1,1,1,Z1234,,,,0,0,0,,0,::1,,,,1,0,4,7,0,2014/5/13 下午 03:26:27,2014/5/13 下午 03:26:27,2,1,2,1,0,"Ho Lan Ying  ",Platinum
1281,LFM101107,41EEAC71-591EA5B8-1B1BFE27-0087F7EF-C93A0323-08B4AFE1-A11F7CFE-2E2361A8,LFM101107@palmary.com,,,1999101107,1,Cheung Lai Chun Betty,,,1900,1,1,1,Z1234,,,,0,0,0,,0,::1,,,,1,0,4,7,0,2014/5/13 下午 03:26:27,2014/5/13 下午 03:26:27,2,1,2,1,0,"Cheung Lai Chun Betty  ",Platinum
1282,LFM101108,26D352CD-CAFC3882-53D9E99A-FC37BC43-B655FFC3-DC46DB60-1CE48D0C-CE8E0B10,LFM101108@palmary.com,,,1999101108,1,Liu Lai Fong Angel,,,1900,1,1,1,Z1234,,,,0,0,0,,0,::1,,,,1,0,4,7,0,2014/5/13 下午 03:26:27,2014/5/13 下午 03:26:27,2,1,2,1,0,"Liu Lai Fong Angel  ",Platinum
1283,LFM101135,8BA9AFE5-8B9A1DF2-921F41C6-8BF160D2-97E8392B-49156055-B9C9C80D-7AB050A7,LFM101135@palmary.com,,,1999101135,1,Leung Kwai Fong,,,1900,1,1,1,Z1234,,,,0,0,0,,0,::1,,,,1,0,4,7,0,2014/5/13 下午 03:26:27,2014/5/13 下午 03:26:27,2,1,2,1,0,"Leung Kwai Fong  ",Platinum
1284,LFM101139,0D610DB6-B38102B2-DA312DC8-6EB5EA4A-F86AC545-C9A8B131-C31B0EF0-6B8E6FFE,LFM101139@palmary.com,,,1999101139,1,Chu Oi Lin Irene,,,1900,1,1,1,Z1234,,,,0,0,0,,0,::1,,,,1,0,4,7,0,2014/5/13 下午 03:26:27,2014/5/13 下午 03:26:27,2,1,2,1,0,"Chu Oi Lin Irene  ",Platinum
1285,LFM101151,1A3A542A-3FA90A7E-C92B616F-D7DB677C-7F6EAB06-4329F8C0-5C62EE9C-D8B9B2F2,LFM101151@palmary.com,,,1999101151,1,Wong Yuk Ling Elaine,,,1900,1,1,1,Z1234,,,,0,0,0,,0,::1,,,,1,0,4,7,0,2014/5/13 下午 03:26:27,2014/5/13 下午 03:26:27,2,1,2,1,0,"Wong Yuk Ling Elaine  ",Platinum
1286,LFM101160,BF7D98A7-225EE73A-99B22842-3C69AC9E-2031A235-A7826A4B-2D74CDBF-7B400871,LFM101160@palmary.com,,,1999101160,1,Yeung Wing Yan Winnie,,,1900,1,1,1,Z1234,,,,0,0,0,,0,::1,,,,1,0,4,7,0,2014/5/13 下午 03:26:27,2014/5/13 下午 03:26:27,2,1,2,1,0,"Yeung Wing Yan Winnie  ",Platinum
1287,LFM101161,A8979C1D-AA3F03AF-D995CE1F-02141A68-BBC39099-29CD6416-2570B364-4614F4FA,LFM101161@palmary.com,,,1999101161,1,Lam Kwan Chun,,,1900,1,1,1,Z1234,,,,0,0,0,,0,::1,,,,1,0,4,7,0,2014/5/13 下午 03:26:27,2014/5/13 下午 03:26:27,2,1,2,1,0,"Lam Kwan Chun  ",Platinum
1288,LFM101163,72F24B9D-27B6C585-239932E0-92A10C1C-9AFBB6BE-72971329-9F520BF6-D2993DA0,LFM101163@palmary.com,,,1999101163,1,Leung Choi Kwai Candy,,,1900,1,1,1,Z1234,,,,0,0,0,,0,::1,,,,1,0,4,7,0,2014/5/13 下午 03:26:27,2014/5/13 下午 03:26:27,2,1,2,1,0,"Leung Choi Kwai Candy  ",Platinum
1289,LFM101168,7D786569-42B9C5F9-D5CC4F62-72FCB375-313C5E4C-1383A891-61AE00B9-599D7536,LFM101168@palmary.com,,,1999101168,1,Lam Kwan Fung,,,1900,1,1,1,Z1234,,,,0,0,0,,0,::1,,,,1,0,4,7,0,2014/5/13 下午 03:26:27,2014/5/13 下午 03:26:27,2,1,2,1,0,"Lam Kwan Fung  ",Platinum
1290,LFM101171,D4142432-1638E242-146BB338-E5B8DD7B-8C659B71-C55B1F73-6ADBAAF1-CAEA2C07,LFM101171@palmary.com,,,1999101171,1,Chan Yuk Ip,,,1900,1,1,1,Z1234,,,,0,0,0,,0,::1,,,,1,0,4,7,0,2014/5/13 下午 03:26:27,2014/5/13 下午 03:26:27,2,1,2,1,0,"Chan Yuk Ip  ",Platinum
1291,LFM101172,C6BC25CF-12E81736-EC0275C1-041636CA-69681057-35AFEEAC-CB4DB463-4ABEB39B,LFM101172@palmary.com,,,1999101172,1,Fong Po Kuen Angel,,,1900,1,1,1,Z1234,,,,0,0,0,,0,::1,,,,1,0,4,7,0,2014/5/13 下午 03:26:27,2014/5/13 下午 03:26:27,2,1,2,1,0,"Fong Po Kuen Angel  ",Platinum
1292,LFM101176,5A72A1CC-CE131EBF-4AAA57F5-4B2F30D4-6C7B8E96-B3C63D74-C30F9E92-AEF82E74,LFM101176@palmary.com,,,1999101176,1,Ng Pui Suen,,,1900,1,1,1,Z1234,,,,0,0,0,,0,::1,,,,1,0,4,7,0,2014/5/13 下午 03:26:27,2014/5/13 下午 03:26:27,2,1,2,1,0,"Ng Pui Suen  ",Platinum
1293,LFM101180,690AED5F-DDCEDA06-BD9771CD-17C9176B-2447D5F6-B1123CBB-5E3B0012-3CF0D9D8,LFM101180@palmary.com,,,1999101180,1,Yim Wai Man Mon,,,1900,1,1,1,Z1234,,,,0,0,0,,0,::1,,,,1,0,4,7,0,2014/5/13 下午 03:26:27,2014/5/13 下午 03:26:27,2,1,2,1,0,"Yim Wai Man Mon  ",Platinum
1294,LFM102034,F80C3D97-7EB8F898-BFA824F9-84671038-354ADDDE-5E5BF047-1246916B-B1DBAC33,LFM102034@palmary.com,,,1999102034,1,Martin Roland,,,1900,1,1,1,Z1234,,,,0,0,0,,0,::1,,,,1,0,4,7,0,2014/5/13 下午 03:26:27,2014/5/13 下午 03:26:27,2,1,2,1,0,"Martin Roland  ",Platinum
1295,LFM102106,EED8760D-80BDE5CA-935834EF-D759F274-48FE0C71-B1E7EE2E-D2A4399E-57241513,LFM102106@palmary.com,,,1999102106,1,Fok King Yan Kitty,,,1900,1,1,1,Z1234,,,,0,0,0,,0,::1,,,,1,0,4,7,0,2014/5/13 下午 03:26:27,2014/5/13 下午 03:26:27,2,1,2,1,0,"Fok King Yan Kitty  ",Platinum
1296,LFM102123,06F722E7-D1DC9790-DE992325-B8560341-0B1891F8-24541415-0CA9A328-7AED581C,LFM102123@palmary.com,,,1999102123,1,Li Lai King,,,1900,1,1,1,Z1234,,,,0,0,0,,0,::1,,,,1,0,4,7,0,2014/5/13 下午 03:26:27,2014/5/13 下午 03:26:27,2,1,2,1,0,"Li Lai King  ",Platinum
1297,LFM102126,0F6B4AA7-E305CBBF-F814EEBD-058802B2-4B744569-3BD215C6-6735A02B-96089B1C,LFM102126@palmary.com,,,1999102126,1,Ng Wai Ling Mona,,,1900,1,1,1,Z1234,,,,0,0,0,,0,::1,,,,1,0,4,7,0,2014/5/13 下午 03:26:27,2014/5/13 下午 03:26:27,2,1,2,1,0,"Ng Wai Ling Mona  ",Platinum
1298,LFM102142,203B8A5C-EA4A3D82-5062C8B0-E9655B82-5DF56AFF-E0D84ECB-627DB57A-622CB180,LFM102142@palmary.com,,,1999102142,1,Ko Shuk Fun,,,1900,1,1,1,Z1234,,,,0,0,0,,0,::1,,,,1,0,4,7,0,2014/5/13 下午 03:26:27,2014/5/13 下午 03:26:27,2,1,2,1,0,"Ko Shuk Fun  ",Platinum
1299,LFM102144,AC31D6E1-3FFCF3FC-8FB119E6-852F909D-CAC5059F-3AF19B01-467945BD-E7732A74,LFM102144@palmary.com,,,1999102144,1,Chan Mai Ling Terry,,,1900,1,1,1,Z1234,,,,0,0,0,,0,::1,,,,1,0,4,7,0,2014/5/13 下午 03:26:27,2014/5/13 下午 03:26:27,2,1,2,1,0,"Chan Mai Ling Terry  ",Platinum
1300,LFM102148,853A1F46-591ABB18-05AF1876-253E10F7-58E4B4DB-552C4776-F86651F8-02C01D8E,LFM102148@palmary.com,,,1999102148,1,Cheung Yue Hing,,,1900,1,1,1,Z1234,,,,0,0,0,,0,::1,,,,1,0,4,7,0,2014/5/13 下午 03:26:27,2014/5/13 下午 03:26:27,2,1,2,1,0,"Cheung Yue Hing  ",Platinum
1301,LFM102151,9C48825A-7AF976E6-77F3A1C8-64B7C74C-3893949E-3F0FEB80-599A42B7-DBBF7B8B,LFM102151@palmary.com,,,1999102151,1,Sin Mei Ling Iris,,,1900,1,1,1,Z1234,,,,0,0,0,,0,::1,,,,1,0,4,7,0,2014/5/13 下午 03:26:27,2014/5/13 下午 03:26:27,2,1,2,1,0,"Sin Mei Ling Iris  ",Platinum
1302,LFM102152,F6A93814-FE3F1F5C-1604D6DB-C17D2BE5-1352D635-19D9CB93-CD4D8830-A25BC5C8,LFM102152@palmary.com,,,1999102152,1,Chin Yau Wai Tammy,,,1900,1,1,1,Z1234,,,,0,0,0,,0,::1,,,,1,0,4,7,0,2014/5/13 下午 03:26:27,2014/5/13 下午 03:26:27,2,1,2,1,0,"Chin Yau Wai Tammy  ",Platinum
1303,LFM102160,F6C680DE-9867BF7B-930F9387-A8295966-C90CC15F-4633E54A-245C983A-525C9AA8,LFM102160@palmary.com,,,1999102160,1,Chan Kit Ling Queensa,,,1900,1,1,1,Z1234,,,,0,0,0,,0,::1,,,,1,0,4,7,0,2014/5/13 下午 03:26:27,2014/5/13 下午 03:26:27,2,1,2,1,0,"Chan Kit Ling Queensa  ",Platinum
1304,LFM102161,6575C344-6749ABC3-3BEAFCAA-697A7AF3-D54F25AA-281EEBCF-A66D14C8-A35E7395,LFM102161@palmary.com,,,1999102161,1,Chan Mai Lin Amy,,,1900,1,1,1,Z1234,,,,0,0,0,,0,::1,,,,1,0,4,7,0,2014/5/13 下午 03:26:27,2014/5/13 下午 03:26:27,2,1,2,1,0,"Chan Mai Lin Amy  ",Platinum
1305,LFM102178,0BFA58E8-BD2D275F-870D566C-57894050-D43FB8DE-DB39872E-7D3ED2EB-CCA08624,LFM102178@palmary.com,,,1999102178,1,Chiu Shuk Fong Fonnie,,,1900,1,1,1,Z1234,,,,0,0,0,,0,::1,,,,1,0,4,7,0,2014/5/13 下午 03:26:27,2014/5/13 下午 03:26:27,2,1,2,1,0,"Chiu Shuk Fong Fonnie  ",Platinum
1306,LFM102219,1A84B384-460A0663-834886CF-AC1F3E17-8085A6A4-C19B54D1-81971D1A-00427ED7,LFM102219@palmary.com,,,1999102219,1,Mok Oi Lin Irene,,,1900,1,1,1,Z1234,,,,0,0,0,,0,::1,,,,1,0,4,7,0,2014/5/13 下午 03:26:27,2014/5/13 下午 03:26:27,2,1,2,1,0,"Mok Oi Lin Irene  ",Platinum
1307,LFM102225,D49057F8-C5F6E894-9C4DE642-B948CA0A-7998AA6D-51890F34-005B188B-60BD7A4D,LFM102225@palmary.com,,,1999102225,1,Woo Sau Kuen,,,1900,1,1,1,Z1234,,,,0,0,0,,0,::1,,,,1,0,4,7,0,2014/5/13 下午 03:26:27,2014/5/13 下午 03:26:27,2,1,2,1,0,"Woo Sau Kuen  ",Platinum
1308,LFM102257,0A609C59-C9C830C9-9B926B4C-039D64AD-A3891579-54219395-FED6C473-397C3B68,LFM102257@palmary.com,,,1999102257,1,Lo Chor Sim,,,1900,1,1,1,Z1234,,,,0,0,0,,0,::1,,,,1,0,4,7,0,2014/5/13 下午 03:26:27,2014/5/13 下午 03:26:27,2,1,2,1,0,"Lo Chor Sim  ",Platinum
1309,LFM102263,C454A700-7C5EF4D0-59734CFB-8ACDE10F-78F2DA48-C1C4C79D-DFB9F24D-EE14C906,LFM102263@palmary.com,,,1999102263,1,Tsang Siu Lan,,,1900,1,1,1,Z1234,,,,0,0,0,,0,::1,,,,1,0,4,7,0,2014/5/13 下午 03:26:27,2014/5/13 下午 03:26:27,2,1,2,1,0,"Tsang Siu Lan  ",Platinum
1310,LFM102295,E0CE9CEC-E0210377-B52B1881-1666BC02-DE3D5865-5B4A7CA2-9325553A-C1D7C977,LFM102295@palmary.com,,,1999102295,1,Chiu Suk Yee Iman,,,1900,1,1,1,Z1234,,,,0,0,0,,0,::1,,,,1,0,4,7,0,2014/5/13 下午 03:26:27,2014/5/13 下午 03:26:27,2,1,2,1,0,"Chiu Suk Yee Iman  ",Platinum
1311,LFM102316,7642B2EA-73326356-4C54332A-CF4FACB2-DB65B3E8-0ACE5B2B-9BBB0009-5781BBDD,LFM102316@palmary.com,,,1999102316,1,Chan Wing Man Munny,,,1900,1,1,1,Z1234,,,,0,0,0,,0,::1,,,,1,0,4,7,0,2014/5/13 下午 03:26:27,2014/5/13 下午 03:26:27,2,1,2,1,0,"Chan Wing Man Munny  ",Platinum
1312,LFM102335,6BC54D62-B621A1ED-B0B9CADE-2A96D84D-CE304E31-7005508E-7DA4758D-6647CCAF,LFM102335@palmary.com,,,1999102335,1,Tsang Hoi Yin Boogie,,,1900,1,1,1,Z1234,,,,0,0,0,,0,::1,,,,1,0,4,7,0,2014/5/13 下午 03:26:27,2014/5/13 下午 03:26:27,2,1,2,1,0,"Tsang Hoi Yin Boogie  ",Platinum
1313,LFM102336,1B54A4C4-852047A6-DE6C04F8-7E4BC9F4-3D9E5681-5B1E7FED-E20C2852-8FEBEB50,LFM102336@palmary.com,,,1999102336,1,Kok Man Lai Ada,,,1900,1,1,1,Z1234,,,,0,0,0,,0,::1,,,,1,0,4,7,0,2014/5/13 下午 03:26:27,2014/5/13 下午 03:26:27,2,1,2,1,0,"Kok Man Lai Ada  ",Platinum
1314,LFM102352,4D7923DE-1D7ECA01-52604FDA-88C35531-3277D7DD-C2DF00D8-76D80311-4207D46E,LFM102352@palmary.com,,,1999102352,1,Lee Yuk Wa Loretta,,,1900,1,1,1,Z1234,,,,0,0,0,,0,::1,,,,1,0,4,7,0,2014/5/13 下午 03:26:27,2014/5/13 下午 03:26:27,2,1,2,1,0,"Lee Yuk Wa Loretta  ",Platinum
1315,LFM102361,AEE149DB-F5DAF8D3-36201B54-DD7C3B42-6663EA3C-2E152E05-2C0A3E40-F212B2ED,LFM102361@palmary.com,,,1999102361,1,Wu Mi Ling,,,1900,1,1,1,Z1234,,,,0,0,0,,0,::1,,,,1,0,4,7,0,2014/5/13 下午 03:26:27,2014/5/13 下午 03:26:27,2,1,2,1,0,"Wu Mi Ling  ",Platinum
1316,LFM102363,EB2282BE-7DF58D54-80CD52E4-A20ECA5E-DDFAB8B1-2DD9A1E6-283C3CAA-25DBA164,LFM102363@palmary.com,,,1999102363,1,Esther Wong,,,1900,1,1,1,Z1234,,,,0,0,0,,0,::1,,,,1,0,4,7,0,2014/5/13 下午 03:26:27,2014/5/13 下午 03:26:27,2,1,2,1,0,"Esther Wong  ",Platinum
1317,LFM102367,D2DB3662-29BA460A-01C13972-C2C9165F-863AD3A2-F98858F8-9EA77CD4-6953B511,LFM102367@palmary.com,,,1999102367,1,Sandy Wong,,,1900,1,1,1,Z1234,,,,0,0,0,,0,::1,,,,1,0,4,7,0,2014/5/13 下午 03:26:27,2014/5/13 下午 03:26:27,2,1,2,1,0,"Sandy Wong  ",Platinum
1318,LFM102370,14850A81-662B8002-593B8ECD-A7A3E7EE-8FC1E8AA-F9C312EB-82D69D98-497AD29B,LFM102370@palmary.com,,,1999102370,1,Carmen Chuang,,,1900,1,1,1,Z1234,,,,0,0,0,,0,::1,,,,1,0,4,7,0,2014/5/13 下午 03:26:27,2014/5/13 下午 03:26:27,2,1,2,1,0,"Carmen Chuang  ",Platinum
1319,LFM102378,7B0C0DEF-5436D954-65AEFB49-098D1B13-E7419728-2F831170-C81EBF01-A308F485,LFM102378@palmary.com,,,1999102378,1,Ng Lai Yuk,,,1900,1,1,1,Z1234,,,,0,0,0,,0,::1,,,,1,0,4,7,0,2014/5/13 下午 03:26:27,2014/5/13 下午 03:26:27,2,1,2,1,0,"Ng Lai Yuk  ",Platinum
1320,LFM102380,DF597E33-C3B2585D-604F3C88-0930738C-B4065DD2-602B627A-9BF40532-8FD7D4A2,LFM102380@palmary.com,,,1999102380,1,Angel Yuen,,,1900,1,1,1,Z1234,,,,0,0,0,,0,::1,,,,1,0,4,7,0,2014/5/13 下午 03:26:27,2014/5/13 下午 03:26:27,2,1,2,1,0,"Angel Yuen  ",Platinum
1321,LFM102381,367C0696-ACD41A5D-B069D280-6154A7AE-5B223B49-2B3CF8D0-5BB76B7A-E9EB3FF1,LFM102381@palmary.com,,,1999102381,1,April Chan,,,1900,1,1,1,Z1234,,,,0,0,0,,0,::1,,,,1,0,4,7,0,2014/5/13 下午 03:26:27,2014/5/13 下午 03:26:27,2,1,2,1,0,"April Chan  ",Platinum
1322,LFM102386,A6245A91-40601318-097672AC-2DE53EB7-BC35D021-3E75572C-8559E2B8-874E4E55,LFM102386@palmary.com,,,1999102386,1,Mandy Har,,,1900,1,1,1,Z1234,,,,0,0,0,,0,::1,,,,1,0,4,7,0,2014/5/13 下午 03:26:27,2014/5/13 下午 03:26:27,2,1,2,1,0,"Mandy Har  ",Platinum
1323,LFM102389,DF0F67B5-5F74536E-92BF77E8-6927922F-6F8EBA19-BFAB6C07-CEFDAE0A-FFE0A5E6,LFM102389@palmary.com,,,1999102389,1,Canny Fung,,,1900,1,1,1,Z1234,,,,0,0,0,,0,::1,,,,1,0,4,7,0,2014/5/13 下午 03:26:27,2014/5/13 下午 03:26:27,2,1,2,1,0,"Canny Fung  ",Platinum
1324,LFM102390,48E09E8E-C5394ADC-95E044CB-B9950069-A11BD9E3-818A1125-8A38000D-C4872A52,LFM102390@palmary.com,,,1999102390,1,LAW Wai Fan,,,1900,1,1,1,Z1234,,,,0,0,0,,0,::1,,,,1,0,4,7,0,2014/5/13 下午 03:26:27,2014/5/13 下午 03:26:27,2,1,2,1,0,"LAW Wai Fan  ",Platinum
1325,LFM103001,D3EAB6E9-7B30820A-8D55105F-920327C9-32E0F76D-C74E28EC-39E8943F-FBCDC24A,LFM103001@palmary.com,,,1999103001,1,Elizabeth Liu,,,1900,1,1,1,Z1234,,,,0,0,0,,0,::1,,,,1,0,4,7,0,2014/5/13 下午 03:26:27,2014/5/13 下午 03:26:27,2,1,2,1,0,"Elizabeth Liu  ",Platinum
1326,LFM104015,577E02C8-D9D069E2-2F409D81-33296A37-C7F98232-F10FA974-3CDBECC2-7F75CF70,LFM104015@palmary.com,,,1999104015,1,Shirley Tsoi,,,1900,1,1,1,Z1234,,,,0,0,0,,0,::1,,,,1,0,4,7,0,2014/5/13 下午 03:26:27,2014/5/13 下午 03:26:27,2,1,2,1,0,"Shirley Tsoi  ",Platinum
1327,LFM104018,BB0DDB6B-BC53EAA9-D93027A3-94AFA677-AC55E2C2-246D3F89-DD586C67-A47F2DAB,LFM104018@palmary.com,,,1999104018,1,Chau Wan Ling,,,1900,1,1,1,Z1234,,,,0,0,0,,0,::1,,,,1,0,4,7,0,2014/5/13 下午 03:26:27,2014/5/13 下午 03:26:27,2,1,2,1,0,"Chau Wan Ling  ",Platinum
1328,LFM109002,F4D2132A-14CB4602-AC1CD618-1B69DC3F-B654362C-D1A467CE-223279CE-70D5CB97,LFM109002@palmary.com,,,1999109002,1,Samantha Siu,,,1900,1,1,1,Z1234,,,,0,0,0,,0,::1,,,,1,0,4,7,0,2014/5/13 下午 03:26:27,2014/5/13 下午 03:26:27,2,1,2,1,0,"Samantha Siu  ",Platinum
1329,LFM109003,70D372CB-B72C005F-CE004417-DFDB5828-0537DD62-3212945C-B506980C-C5904CFF,LFM109003@palmary.com,,,1999109003,1,Kan Cheung,,,1900,1,1,1,Z1234,,,,0,0,0,,0,::1,,,,1,0,4,7,0,2014/5/13 下午 03:26:27,2014/5/13 下午 03:26:27,2,1,2,1,0,"Kan Cheung  ",Platinum
1330,LFM109004,E8B9D68A-EC958198-137D15B1-AD5FE767-15D706BB-50EF5E0F-E4E430AB-433752E0,LFM109004@palmary.com,,,1999109004,1,Lee Yin Ching,,,1900,1,1,1,Z1234,,,,0,0,0,,0,::1,,,,1,0,4,7,0,2014/5/13 下午 03:26:27,2014/5/13 下午 03:26:27,2,1,2,1,0,"Lee Yin Ching  ",Platinum
1331,LFM110002,CA7AB301-C2F120C0-DD7E5982-27413110-C8CF011C-FC2C2ECF-C2AB91DE-B82F6846,LFM110002@palmary.com,,,1999110002,1,Eliza Keung,,,1900,1,1,1,Z1234,,,,0,0,0,,0,::1,,,,1,0,4,7,0,2014/5/13 下午 03:26:27,2014/5/13 下午 03:26:27,2,1,2,1,0,"Eliza Keung  ",Platinum
1332,LFM110014,52B77296-998811E4-3B916822-99E8DCF3-ABCF1B07-8B03B439-B35BD696-8842F81E,LFM110014@palmary.com,,,1999110014,1,Lau Siu Mi,,,1900,1,1,1,Z1234,,,,0,0,0,,0,::1,,,,1,0,4,7,0,2014/5/13 下午 03:26:27,2014/5/13 下午 03:26:27,2,1,2,1,0,"Lau Siu Mi  ",Platinum
1333,LFM110339,47533258-5C44E325-ADFD1D7A-4A5D4CE7-FA5C6BD0-9F753BD2-8EBBC609-B376D3DC,LFM110339@palmary.com,,,1999110339,1,Tang Wai Ching Jane,,,1900,1,1,1,Z1234,,,,0,0,0,,0,::1,,,,1,0,4,7,0,2014/5/13 下午 03:26:27,2014/5/13 下午 03:26:27,2,1,2,1,0,"Tang Wai Ching Jane  ",Platinum
1334,LFM110365,3C48C019-B27834F6-9FB5069E-47B38058-83A737FE-0B8D1883-E81FF4D9-E13FB54E,LFM110365@palmary.com,,,1999110365,1,Ng Man Hung,,,1900,1,1,1,Z1234,,,,0,0,0,,0,::1,,,,1,0,4,7,0,2014/5/13 下午 03:26:27,2014/5/13 下午 03:26:27,2,1,2,1,0,"Ng Man Hung  ",Platinum
1335,LFM110383,5E31D3DB-04698759-155DC911-1FE81FAB-916B8C89-89D4ACFA-5C279B21-7DE6BE21,LFM110383@palmary.com,,,1999110383,1,Lam See Vun Sylvia,,,1900,1,1,1,Z1234,,,,0,0,0,,0,::1,,,,1,0,4,7,0,2014/5/13 下午 03:26:27,2014/5/13 下午 03:26:27,2,1,2,1,0,"Lam See Vun Sylvia  ",Platinum
1336,LFM110406,1AA3869A-4BCFEA19-01E68E62-6F6C1C6F-71BE88F4-0F74BEC2-EA6145A7-6032C59B,LFM110406@palmary.com,,,1999110406,1,Ho Siu King,,,1900,1,1,1,Z1234,,,,0,0,0,,0,::1,,,,1,0,4,7,0,2014/5/13 下午 03:26:27,2014/5/13 下午 03:26:27,2,1,2,1,0,"Ho Siu King  ",Platinum
1337,LFM110505,A6C798BC-49FB5286-013AC4F0-95F199EF-5E3CE4A2-A3D828EC-F5CAD73E-88D6E461,LFM110505@palmary.com,,,1999110505,1,Lau Yuen Wan,,,1900,1,1,1,Z1234,,,,0,0,0,,0,::1,,,,1,0,4,7,0,2014/5/13 下午 03:26:28,2014/5/13 下午 03:26:28,2,1,2,1,0,"Lau Yuen Wan  ",Platinum
1338,LFM110509,6979D034-7A66A0D8-B1C1398F-37F32983-9DEBF8DE-4EA10B6D-0C5B319C-E40A9AC3,LFM110509@palmary.com,,,1999110509,1,Lau Yuk Wan,,,1900,1,1,1,Z1234,,,,0,0,0,,0,::1,,,,1,0,4,7,0,2014/5/13 下午 03:26:28,2014/5/13 下午 03:26:28,2,1,2,1,0,"Lau Yuk Wan  ",Platinum
1339,LFM110527,6E4C1246-4449832D-9437E30C-5DE01C7E-9D3CFFF7-D208F046-2188A559-207FA5F9,LFM110527@palmary.com,,,1999110527,1,Kwong Man Yiu Stella,,,1900,1,1,1,Z1234,,,,0,0,0,,0,::1,,,,1,0,4,7,0,2014/5/13 下午 03:26:28,2014/5/13 下午 03:26:28,2,1,2,1,0,"Kwong Man Yiu Stella  ",Platinum
1340,LFM110555,F454D279-696CC936-37ECB4DB-B8B1CE83-0C48A71A-4D8369F5-CB2F4818-A3954EE1,LFM110555@palmary.com,,,1999110555,1,Chan Yin Ching,,,1900,1,1,1,Z1234,,,,0,0,0,,0,::1,,,,1,0,4,7,0,2014/5/13 下午 03:26:28,2014/5/13 下午 03:26:28,2,1,2,1,0,"Chan Yin Ching  ",Platinum
1341,LFM110579,AF39F19E-B1BB074C-F695526C-DAD9A311-2DA6304D-94186AB6-26560E1C-D1F1BC1D,LFM110579@palmary.com,,,1999110579,1,Ku Yuk Chun,,,1900,1,1,1,Z1234,,,,0,0,0,,0,::1,,,,1,0,4,7,0,2014/5/13 下午 03:26:28,2014/5/13 下午 03:26:28,2,1,2,1,0,"Ku Yuk Chun  ",Platinum
1342,LFM110586,D5A73970-FCC683C3-9B139F99-383065CE-3CFBDE23-F68F6ACC-0BCF7FE4-89DD66D4,LFM110586@palmary.com,,,1999110586,1,Lau Wai Man Janet,,,1900,1,1,1,Z1234,,,,0,0,0,,0,::1,,,,1,0,4,7,0,2014/5/13 下午 03:26:28,2014/5/13 下午 03:26:28,2,1,2,1,0,"Lau Wai Man Janet  ",Platinum
1343,LFM110587,3E777A0E-97A5FDAF-CFDA7E7A-61F5A2B5-CE960238-09682E3C-10EE8526-0909E350,LFM110587@palmary.com,,,1999110587,1,Chong Ying Fong,,,1900,1,1,1,Z1234,,,,0,0,0,,0,::1,,,,1,0,4,7,0,2014/5/13 下午 03:26:28,2014/5/13 下午 03:26:28,2,1,2,1,0,"Chong Ying Fong  ",Platinum
1344,LFM110647,0AE08F42-3EA4600B-7E324EBB-61F52035-48DD3B60-3270C618-682AD4E0-6974F85C,LFM110647@palmary.com,,,1999110647,1,Yeung Kwok Ying Anita,,,1900,1,1,1,Z1234,,,,0,0,0,,0,::1,,,,1,0,4,7,0,2014/5/13 下午 03:26:28,2014/5/13 下午 03:26:28,2,1,2,1,0,"Yeung Kwok Ying Anita  ",Platinum
1345,LFM110675,D235FE80-6958A7BD-B6898ACB-79AB2614-7AF0063D-7F60E76B-31A58CC0-5A35933F,LFM110675@palmary.com,,,1999110675,1,Leung Ngar Wing,,,1900,1,1,1,Z1234,,,,0,0,0,,0,::1,,,,1,0,4,7,0,2014/5/13 下午 03:26:28,2014/5/13 下午 03:26:28,2,1,2,1,0,"Leung Ngar Wing  ",Platinum
1346,LFM110701,DCC5B07F-EEA96F0D-B0D7245A-FAB5C45D-D1B06601-A92A0494-2276F893-A2C0C279,LFM110701@palmary.com,,,1999110701,1,Yeung Kwei Fun Adda,,,1900,1,1,1,Z1234,,,,0,0,0,,0,::1,,,,1,0,4,7,0,2014/5/13 下午 03:26:28,2014/5/13 下午 03:26:28,2,1,2,1,0,"Yeung Kwei Fun Adda  ",Platinum
1347,LFM110707,C6506C1A-6A154F3B-D01C1B1E-EDCD8BD4-39BF7CB0-BF973DA3-59E2C430-F404D7D2,LFM110707@palmary.com,,,1999110707,1,Li Sui Wan Peria,,,1900,1,1,1,Z1234,,,,0,0,0,,0,::1,,,,1,0,4,7,0,2014/5/13 下午 03:26:28,2014/5/13 下午 03:26:28,2,1,2,1,0,"Li Sui Wan Peria  ",Platinum
1348,LFM110731,C0795A37-21A1057E-2DA4E784-AED78132-6B2FAB31-71A69DEF-95633A43-6C93D33B,LFM110731@palmary.com,,,1999110731,1,Mak Shuk Yi,,,1900,1,1,1,Z1234,,,,0,0,0,,0,::1,,,,1,0,4,7,0,2014/5/13 下午 03:26:28,2014/5/13 下午 03:26:28,2,1,2,1,0,"Mak Shuk Yi  ",Platinum
1349,LFM110742,F454FBCC-BB35D318-132611DF-7084183F-22DD3A5F-D4DF9EB3-5D2778A9-B10213A2,LFM110742@palmary.com,,,1999110742,1,Chan Kwan Yun,,,1900,1,1,1,Z1234,,,,0,0,0,,0,::1,,,,1,0,4,7,0,2014/5/13 下午 03:26:28,2014/5/13 下午 03:26:28,2,1,2,1,0,"Chan Kwan Yun  ",Platinum
1350,LFM110748,6DA214C8-0E3941CC-12A7E760-133F749A-6A62689D-1C1B8BC0-791F39E4-4F728A24,LFM110748@palmary.com,,,1999110748,1,Man Yin Mei,,,1900,1,1,1,Z1234,,,,0,0,0,,0,::1,,,,1,0,4,7,0,2014/5/13 下午 03:26:28,2014/5/13 下午 03:26:28,2,1,2,1,0,"Man Yin Mei  ",Platinum
1351,LFM110752,B8DD73AB-799975A4-01C6B44C-4B85B475-55E7BCBA-A72EAFFC-226B90FB-23C637D1,LFM110752@palmary.com,,,1999110752,1,Cheung Fung Kuen Cora,,,1900,1,1,1,Z1234,,,,0,0,0,,0,::1,,,,1,0,4,7,0,2014/5/13 下午 03:26:28,2014/5/13 下午 03:26:28,2,1,2,1,0,"Cheung Fung Kuen Cora  ",Platinum
1352,LFM110772,B233345D-76AB8471-D41394E9-16B895AE-741D4D50-18D1A9D2-B4D9F809-9A1BE191,LFM110772@palmary.com,,,1999110772,1,Cheung Ching Lan,,,1900,1,1,1,Z1234,,,,0,0,0,,0,::1,,,,1,0,4,7,0,2014/5/13 下午 03:26:28,2014/5/13 下午 03:26:28,2,1,2,1,0,"Cheung Ching Lan  ",Platinum
1353,LFM110791,36BD6AA0-B828EC54-6AA9ADE4-3CD77AAD-0B1C3DFF-B2C75878-D64DE970-104C9F84,LFM110791@palmary.com,,,1999110791,1,Chiu Hung Mui,,,1900,1,1,1,Z1234,,,,0,0,0,,0,::1,,,,1,0,4,7,0,2014/5/13 下午 03:26:28,2014/5/13 下午 03:26:28,2,1,2,1,0,"Chiu Hung Mui  ",Platinum
1079,LFM2001,25DCC143-6631925A-D12D557C-F4CF1FB0-8B9D0751-EEF86F32-4143A1D6-5B116D5D,LFM2001@palmary.com,,,99992001,1,Albert von Einstein," "," ",1970,5,1,1,Z1234,,,,0,0,0,0,0,,,123456,2E81C780-44CA28F2-9A7A39A0-F14BDE7C-DDD06582-8CE81D83-039F2CAC-8EFE0C8B,1,0,1,7,569,2014/5/12 上午 10:36:59,2014/5/13 下午 06:29:53,2,1,2,1,0,"Albert von Einstein    ",Normal
1080,LFM2002,855281E1-5F700ABB-0D6A45F2-A727A0FA-B05F4CD6-CD8E0997-3E346A5C-188B62C0,LFM2002@palmary.com,,,99992002,1,Paco el Maco,,,1900,1,1,1,Z1234,,,,0,0,0,,0,::1,,,,1,0,1,7,0,2014/5/12 上午 10:36:59,2014/5/12 上午 10:36:59,2,1,2,1,0,"Paco el Maco  ",Normal
1081,LFM2003,3181EC33-A8C97486-3CB6E2B3-B4594975-1243BF05-9438172F-A6246887-81680443,LFM2003@palmary.com,,,99992003,1,Sancho Panza,,,1900,1,1,1,Z1234,,,,0,0,0,,0,::1,,,,1,0,1,7,0,2014/5/12 上午 10:36:59,2014/5/12 上午 10:36:59,2,1,2,1,0,"Sancho Panza  ",Normal
1082,LFM2004,76C456C6-E8A43FBC-C45F70A6-FAF21DE2-ECF5151E-4817BE5A-789B2A09-80ED8A5F,LFM2004@palmary.com,,,99992004,1,Carl Montgomery,,,1900,1,1,1,Z1234,,,,0,0,0,,0,::1,,,,1,0,1,7,0,2014/5/12 上午 10:36:59,2014/5/12 上午 10:36:59,2,1,2,1,0,"Carl Montgomery  ",Normal
1083,LFM2005,B40653AA-0A97A867-423DA099-6D26B73F-E7D7139E-3828A62B-60C369A2-39BB3F14,LFM2005@palmary.com,,,99992005,1,Urra Gurra Aktersnurra,,,1900,1,1,1,Z1234,,,,0,0,0,,0,::1,,,,1,0,1,7,0,2014/5/12 上午 10:36:59,2014/5/12 上午 10:36:59,2,1,2,1,0,"Urra Gurra Aktersnurra  ",Normal
1084,LFM2006,646EBC56-1173807A-1B9AD971-1DE48765-D3654ADF-E7253006-D4048533-64E9FAE2,LFM2006@palmary.com,,,99992006,1,Herman Hinschler,,,1900,1,1,1,Z1234,,,,0,0,0,,0,::1,,,,1,0,1,7,0,2014/5/12 上午 10:36:59,2014/5/12 上午 10:36:59,2,1,2,1,0,"Herman Hinschler  ",Normal
1085,LFM2007,B455D28A-BA7FEA48-DAD2E716-67EC9D69-2FB6268F-DDEB67CC-32B281AE-9EFFFE56,LFM2007@palmary.com,,,99992007,1,Julie Binoché,,,1900,1,1,1,Z1234,,,,0,0,0,,0,::1,,,,1,0,1,7,0,2014/5/12 上午 10:36:59,2014/5/12 上午 10:36:59,2,1,2,1,0,"Julie Binoché  ",Normal
1086,LFM2008,0B47B257-102BAF18-6D0D0F1F-22B995FD-17805E84-291E1DE6-C1A363FB-04457199,LFM2008@palmary.com,,,99992008,1,Julio Iglesias,,,1900,1,1,1,Z1234,,,,0,0,0,,0,::1,,,,1,0,1,7,0,2014/5/12 上午 10:36:59,2014/5/12 上午 10:36:59,2,1,2,1,0,"Julio Iglesias  ",Normal
1087,LFM2009,6B89EC99-FBA86EC0-A814E5F9-5C76347F-D03E5A15-154F0F6D-25BCA416-16264EA4,LFM2009@palmary.com,,,99992009,1,Bernard de Gaule,,,1900,1,1,1,Z1234,,,,0,0,0,,0,::1,,,,1,0,1,7,0,2014/5/12 上午 10:36:59,2014/5/12 上午 10:36:59,2,1,2,1,0,"Bernard de Gaule  ",Normal
1088,LFM2010,0BCCF918-DDB49B13-0276997B-234E95B1-2487DFB0-2AC5D2B5-7DC57CB2-181938B1,LFM2010@palmary.com,,,99992010,1,James Hendersson,,,1900,1,1,1,Z1234,,,,0,0,0,,0,::1,,,,1,0,1,7,0,2014/5/12 上午 10:36:59,2014/5/12 上午 10:36:59,2,1,2,1,0,"James Hendersson  ",Normal
1089,LFM2011,903E1F1A-FA55664C-2E362785-E456749A-E8CC69FB-DA33B45E-4704FE55-926055AB,LFM2011@palmary.com,,,99992011,1,David Foot,,,1900,1,1,1,Z1234,,,,0,0,0,,0,::1,,,,1,0,1,7,0,2014/5/12 上午 10:36:59,2014/5/12 上午 10:36:59,2,1,2,1,0,"David Foot  ",Normal
1090,LFM2012,03FE5BCE-60A7717A-1288FE1F-76F69F1B-243B6CCB-BA9233EE-CCA8DCD2-23B558B9,LFM2012@palmary.com,,,99992012,1,Victoria Abril,,,1900,1,1,1,Z1234,,,,0,0,0,,0,::1,,,,1,0,1,7,0,2014/5/12 上午 10:36:59,2014/5/12 上午 10:36:59,2,1,2,1,0,"Victoria Abril  ",Normal
1091,LFM2013,307C4BC5-B9830914-0E8204EC-ACCE4EC9-64EE0335-30F5C9E4-3598E5BE-40B64928,LFM2013@palmary.com,,,99992013,1,Speedy Gonzales,,,1900,1,1,1,Z1234,,,,0,0,0,,0,::1,,,,1,0,1,7,0,2014/5/12 上午 10:36:59,2014/5/12 上午 10:36:59,2,1,2,1,0,"Speedy Gonzales  ",Normal
1092,LFM2014,A7AF859D-E4B8EF90-4EA15FFD-C915CE1C-3CE4FC78-B9E6DFC5-C7A60B90-1324F9F3,LFM2014@palmary.com,,,99992014,1,Alfred Neumann,,,1900,1,1,1,Z1234,,,,0,0,0,,0,::1,,,,1,0,1,7,0,2014/5/12 上午 10:36:59,2014/5/12 上午 10:36:59,2,1,2,1,0,"Alfred Neumann  ",Normal
1093,LFM2015,3C7A2680-A4D99B85-89F608C5-9478FBA4-861B80EC-CF38B63C-E32EE272-23F44CBA,LFM2015@palmary.com,,,99992015,1,Edson Arantes do Nascimento,,,1900,1,1,1,Z1234,,,,0,0,0,,0,::1,,,,1,0,1,7,0,2014/5/12 上午 10:36:59,2014/5/12 上午 10:36:59,2,1,2,1,0,"Edson Arantes do Nascimento  ",Normal
1094,LFM2016,B051EF59-2A61EB35-F52F4AF6-579A433C-D434A860-6017BFDB-58CE50DD-C0E5D9A8,LFM2016@palmary.com,,,99992016,1,Ian Wright,,,1900,1,1,1,Z1234,,,,0,0,0,,0,::1,,,,1,0,1,7,0,2014/5/12 上午 10:36:59,2014/5/12 上午 10:36:59,2,1,2,1,0,"Ian Wright  ",Normal
1095,LFM2017,A4C2FC95-2134769F-9878A0E5-724E38AF-464D5D0E-7A21BC82-C54CBF06-6C76C6D9,LFM2017@palmary.com,,,99992017,1,Lars von Holstein,,,1900,1,1,1,Z1234,,,,0,0,0,,0,::1,,,,1,0,1,7,0,2014/5/12 上午 10:36:59,2014/5/12 上午 10:36:59,2,1,2,1,0,"Lars von Holstein  ",Normal
1096,LFM2018,AA68F319-C6E498AA-E6EAC49A-692C3325-95109F1A-50087D11-5D3818C6-912BBE61,LFM2018@palmary.com,,,99992018,1,Pierre Chardin,,,1900,1,1,1,Z1234,,,,0,0,0,,0,::1,,,,1,0,1,7,0,2014/5/12 上午 10:36:59,2014/5/12 上午 10:36:59,2,1,2,1,0,"Pierre Chardin  ",Normal
1097,LFM2019,C1D83663-D026E4DF-969572B7-33F44FA4-FACB0EBE-7229D468-D75B2485-174B2E62,LFM2019@palmary.com,,,99992019,1,Greg Thatcher,,,1900,1,1,1,Z1234,,,,0,0,0,,0,::1,,,,1,0,1,7,0,2014/5/12 上午 10:36:59,2014/5/12 上午 10:36:59,2,1,2,1,0,"Greg Thatcher  ",Normal
1098,LFM2020,3C6DA135-E8E1FF41-79EE3AC5-7B6AB12A-B0BF0432-A22220C9-D5B23C32-1A925575,LFM2020@palmary.com,,,99992020,1,Lars Saalbach,,,1900,1,1,1,Z1234,,,,0,0,0,,0,::1,,,,1,0,1,7,0,2014/5/12 上午 10:36:59,2014/5/12 上午 10:36:59,2,1,2,1,0,"Lars Saalbach  ",Normal
1099,LFM2021,606C5569-A574DA99-C78CECE5-EF12C8CE-039C8325-D63168EB-2F9B6838-A6A91792,LFM2021@palmary.com,,,99992021,1,Romario do Sauza,,,1900,1,1,1,Z1234,,,,0,0,0,,0,::1,,,,1,0,1,7,0,2014/5/12 上午 10:36:59,2014/5/12 上午 10:36:59,2,1,2,1,0,"Romario do Sauza  ",Normal
1100,LFM2022,8ADA3401-81035384-82C212FB-565CDE2F-DCA4E017-5ACF9149-92176BEF-055AE473,LFM2022@palmary.com,,,99992022,1,Filemón,,,1900,1,1,1,Z1234,,,,0,0,0,,0,::1,,,,1,0,1,7,0,2014/5/12 上午 10:37:00,2014/5/12 上午 10:37:00,2,1,2,1,0,"Filemón  ",Normal
1101,LFM2023,DF3F1DF6-4B1250B4-C2512BAE-D5A98320-DDFAFC1A-8A9BE27B-9E5E0AEF-4A84B063,LFM2023@palmary.com,,,99992023,1,Jaques Wilneuve,,,1900,1,1,1,Z1234,,,,0,0,0,,0,::1,,,,1,0,1,7,0,2014/5/12 上午 10:37:00,2014/5/12 上午 10:37:00,2,1,2,1,0,"Jaques Wilneuve  ",Normal
1102,LFM2024,C2CB0CA6-020BB26F-F363CB9B-094CCE6D-DFA2DC9D-6D1BA03E-8F6A4931-D98488AB,LFM2024@palmary.com,,,99992024,1,Linda Haglund,,,1900,1,1,1,Z1234,,,,0,0,0,,0,::1,,,,1,0,1,7,0,2014/5/12 上午 10:37:00,2014/5/12 上午 10:37:00,2,1,2,1,0,"Linda Haglund  ",Normal
1103,LFM2025,79BC744A-8D295587-5BC9C03D-DBE1B6A2-13851761-31212964-7439B0C9-3B5EDC14,LFM2025@palmary.com,,,99992025,1,Dieter Köln,,,1900,1,1,1,Z1234,,,,0,0,0,,0,::1,,,,1,0,1,7,0,2014/5/12 上午 10:37:00,2014/5/12 上午 10:37:00,2,1,2,1,0,"Dieter Köln  ",Normal
1104,LFM2026,2B604746-BD102585-7FE4CED3-0B680659-0D70E9F6-A2117870-DEC39C81-5325BD76,LFM2026@palmary.com,,,99992026,1,Jeanne d´Anjou,,,1900,1,1,1,Z1234,,,,0,0,0,,0,::1,,,,1,0,1,7,0,2014/5/12 上午 10:37:00,2014/5/12 上午 10:37:00,2,1,2,1,0,"Jeanne d´Anjou  ",Normal
1105,LFM2027,BA5870D1-7A1BC6E0-2012D427-BF44FA88-D55D006E-7CB51327-9BE839D7-694E6197,LFM2027@palmary.com,,,99992027,1,Don Corleone,,,1900,1,1,1,Z1234,,,,0,0,0,,0,::1,,,,1,0,1,7,0,2014/5/12 上午 10:37:00,2014/5/12 上午 10:37:00,2,1,2,1,0,"Don Corleone  ",Normal
1106,LFM2028,85E09F90-BE53D575-96D523F8-3959473F-779E062A-2D8F901E-EED105F0-4D291AF7,LFM2028@palmary.com,,,99992028,1,Vitor Baiha,,,1900,1,1,1,Z1234,,,,0,0,0,,0,::1,,,,1,0,1,7,0,2014/5/12 上午 10:37:00,2014/5/12 上午 10:37:00,2,1,2,1,0,"Vitor Baiha  ",Normal
1107,LFM2029,66A2BECF-0176D819-8165684E-0E480AEA-C8CD7843-53835730-6E2BC769-59322346,LFM2029@palmary.com,,,99992029,1,Jusep del pep,,,1900,1,1,1,Z1234,,,,0,0,0,,0,::1,,,,1,0,1,7,0,2014/5/12 上午 10:37:00,2014/5/12 上午 10:37:00,2,1,2,1,0,"Jusep del pep  ",Normal
1108,LFM2030,F5334331-BF149C21-C2006F17-8AE30747-4F88938E-0ACE9990-7516F38F-732FFB0C,LFM2030@palmary.com,,,99992030,1,El Cordobes,,,1900,1,1,1,Z1234,,,,0,0,0,,0,::1,,,,1,0,1,7,0,2014/5/12 上午 10:37:00,2014/5/12 上午 10:37:00,2,1,2,1,0,"El Cordobes  ",Normal
1109,LFM2031,F6780EAD-8624E137-30DB2254-78EF896E-4B092EAF-8B799A19-3D8E8980-A85ED6BE,LFM2031@palmary.com,,,99992031,1,Anna Figo,,,1900,1,1,1,Z1234,,,,0,0,0,,0,::1,,,,1,0,1,7,0,2014/5/12 上午 10:37:00,2014/5/12 上午 10:37:00,2,1,2,1,0,"Anna Figo  ",Normal
1110,LFM2032,F5DE05CC-2215A8E8-D0176559-DBB8B893-E8B65593-7EA71BE6-41E7A1B3-D561A6E1,LFM2032@palmary.com,,,99992032,1,Ross The Boss,,,1900,1,1,1,Z1234,,,,0,0,0,,0,::1,,,,1,0,1,7,0,2014/5/12 上午 10:37:00,2014/5/12 上午 10:37:00,2,1,2,1,0,"Ross The Boss  ",Normal
1111,LFM2033,DE43F42A-056E7AE2-947059D5-3B130D54-15D03845-5260E6C2-5B3CE776-68F68551,LFM2033@palmary.com,,,99992033,1,Antonio Palmer Amer,,,1900,1,1,1,Z1234,,,,0,0,0,,0,::1,,,,1,0,1,7,0,2014/5/12 上午 10:37:00,2014/5/12 上午 10:37:00,2,1,2,1,0,"Antonio Palmer Amer  ",Normal
1112,LFM2034,74F027C3-96857101-8B874378-330632EF-F3D25B20-55A2B39F-EC1D61A3-05B821F4,LFM2034@palmary.com,,,99992034,1,Joe do Pintho,,,1900,1,1,1,Z1234,,,,0,0,0,,0,::1,,,,1,0,1,7,0,2014/5/12 上午 10:37:00,2014/5/12 上午 10:37:00,2,1,2,1,0,"Joe do Pintho  ",Normal
1113,LFM2035,945E23C1-6BC7B1B5-81BF0DFF-3B954880-F6C2109B-A8B79580-BCBE58BA-CFF15DBB,LFM2035@palmary.com,,,99992035,1,Nicolas Balines,,,1900,1,1,1,Z1234,,,,0,0,0,,0,::1,,,,1,0,1,7,0,2014/5/12 上午 10:37:00,2014/5/12 上午 10:37:00,2,1,2,1,0,"Nicolas Balines  ",Normal
1114,LFM2036,237A932C-3D923568-02D16CA3-A7F1E28D-AC3156F1-04E7EC9C-C8052642-07DF74ED,LFM2036@palmary.com,,,99992036,1,Marcellus Wallace,,,1900,1,1,1,Z1234,,,,0,0,0,,0,::1,,,,1,0,1,7,0,2014/5/12 上午 10:37:00,2014/5/12 上午 10:37:00,2,1,2,1,0,"Marcellus Wallace  ",Normal
1115,LFM2037,D8EA689E-4D3171DB-8A9A112A-BAB1432F-1C80FE1D-3A1BD537-5B8C6E55-AA73D4C5,LFM2037@palmary.com,,,99992037,1,Robert Bolero,,,1900,1,1,1,Z1234,,,,0,0,0,,0,::1,,,,1,0,1,7,0,2014/5/12 上午 10:37:00,2014/5/12 上午 10:37:00,2,1,2,1,0,"Robert Bolero  ",Normal
1116,LFM2038,005A0682-61209AEC-520A7283-46FF7CFB-0F63FFC3-0B52EB07-3B6E1119-4C1E6CAF,LFM2038@palmary.com,,,99992038,1,Al Yankovic,,,1900,1,1,1,Z1234,,,,0,0,0,,0,::1,,,,1,0,1,7,0,2014/5/12 上午 10:37:00,2014/5/12 上午 10:37:00,2,1,2,1,0,"Al Yankovic  ",Normal
1117,LFM2039,9B2C01AE-F51E7828-3B9C07FD-AC072B5F-00FD5807-8AED1D4A-22CDB771-D8B16E12,LFM2039@palmary.com,,,99992039,1,Dieter Rummernige,,,1900,1,1,1,Z1234,,,,0,0,0,,0,::1,,,,1,0,1,7,0,2014/5/12 上午 10:37:00,2014/5/12 上午 10:37:00,2,1,2,1,0,"Dieter Rummernige  ",Normal
1118,LFM2040,9D6ECAC5-FDD79EC1-EDE8F49A-CDEA1770-38F76CDA-5FAD1BE4-B216DFD9-F45EC1D4,LFM2040@palmary.com,,,99992040,1,Philippe de Laval,,,1900,1,1,1,Z1234,,,,0,0,0,,0,::1,,,,1,0,1,7,0,2014/5/12 上午 10:37:00,2014/5/12 上午 10:37:00,2,1,2,1,0,"Philippe de Laval  ",Normal
1119,LFM2041,50E81CD6-AC2418C4-C50BAFE0-2EAAE8EC-C8ECA977-463D19A2-A24B6A7D-2848607E,LFM2041@palmary.com,,,99992041,1,Louise Davu,,,1900,1,1,1,Z1234,,,,0,0,0,,0,::1,,,,1,0,1,7,0,2014/5/12 上午 10:37:00,2014/5/12 上午 10:37:00,2,1,2,1,0,"Louise Davu  ",Normal
1120,LFM2042,95F02583-5F4A2B11-B37C2291-F4B2F54C-09A1BFD9-BCA2B457-8926267B-91EEE203,LFM2042@palmary.com,,,99992042,1,Joe Barry,,,1900,1,1,1,Z1234,,,,0,0,0,,0,::1,,,,1,0,1,7,0,2014/5/12 上午 10:37:00,2014/5/12 上午 10:37:00,2,1,2,1,0,"Joe Barry  ",Normal
1121,LFM2043,DBFB9887-7E3190EF-01B2B69A-6EC7118F-65D7A0D7-DBC1D91A-35276CB8-052A4F06,LFM2043@palmary.com,,,99992043,1,Klaus Tarantino,,,1900,1,1,1,Z1234,,,,0,0,0,,0,::1,,,,1,0,1,7,0,2014/5/12 上午 10:37:00,2014/5/12 上午 10:37:00,2,1,2,1,0,"Klaus Tarantino  ",Normal
1122,LFM2044,D04275CE-588CD70D-271CE1C1-554A9F59-419EA878-731A2DD2-F62D1193-747025A7,LFM2044@palmary.com,,,99992044,1,Klaus Deum,,,1900,1,1,1,Z1234,,,,0,0,0,,0,::1,,,,1,0,1,7,0,2014/5/12 上午 10:37:00,2014/5/12 上午 10:37:00,2,1,2,1,0,"Klaus Deum  ",Normal
1123,LFM2045,4DA9C0B4-6974933A-F7F5847B-E899238F-DB1F4942-B88A753A-0F759363-81106854,LFM2045@palmary.com,,,99992045,1,Vincent Vega,,,1900,1,1,1,Z1234,,,,0,0,0,,0,::1,,,,1,0,1,7,0,2014/5/12 上午 10:37:00,2014/5/12 上午 10:37:00,2,1,2,1,0,"Vincent Vega  ",Normal
1124,LFM2046,32734090-CFE4F2E7-25A5F163-D1CCA4F6-F9E6E9E2-F40DF5D3-C9E7FFA5-3BCB434A,LFM2046@palmary.com,,,99992046,1,Tony Montana,,,1900,1,1,1,Z1234,,,,0,0,0,,0,::1,,,,1,0,1,7,0,2014/5/12 上午 10:37:00,2014/5/12 上午 10:37:00,2,1,2,1,0,"Tony Montana  ",Normal
1125,LFM2047,4E12F13E-E7444D64-7BC42419-3840CCB5-A462CC0A-F85131BD-EA37780B-6CFABCC2,LFM2047@palmary.com,,,99992047,1,Andrés Barbanegra,,,1900,1,1,1,Z1234,,,,0,0,0,,0,::1,,,,1,0,1,7,0,2014/5/12 上午 10:37:00,2014/5/12 上午 10:37:00,2,1,2,1,0,"Andrés Barbanegra  ",Normal
1126,LFM2048,9FAAC56A-E2E17DB7-D445A76F-F098DF6C-03AD75A5-F32F98D1-4F1233A9-594BB7B0,LFM2048@palmary.com,,,99992048,1,Andrea Pamelsson,,,1900,1,1,1,Z1234,,,,0,0,0,,0,::1,,,,1,0,1,7,0,2014/5/12 上午 10:37:00,2014/5/12 上午 10:37:00,2,1,2,1,0,"Andrea Pamelsson  ",Normal
1127,LFM2049,46645C13-A74BDDEB-0E0B1987-3087FB11-410A8CFE-A0E6AE90-22837282-12C4E6CE,LFM2049@palmary.com,,,99992049,1,Luca Brassi,,,1900,1,1,1,Z1234,,,,0,0,0,,0,::1,,,,1,0,1,7,0,2014/5/12 上午 10:37:00,2014/5/12 上午 10:37:00,2,1,2,1,0,"Luca Brassi  ",Normal
1128,LFM2050,8DE801B6-7BBB89E4-116B8162-D778DDE2-8F751244-115EB5FD-A4671A6D-55651FF5,LFM2050@palmary.com,,,99992050,1,Marco Van Deum,,,1900,1,1,1,Z1234,,,,0,0,0,,0,::1,,,,1,0,1,7,0,2014/5/12 上午 10:37:00,2014/5/12 上午 10:37:00,2,1,2,1,0,"Marco Van Deum  ",Normal
1129,LFM2051,7AD7BEFB-2F14BCAF-AD6787C7-B5BE7A04-C660B507-16DFB3C8-1CD35346-F42E6510,LFM2051@palmary.com,,,99992051,1,James Belucci,,,1900,1,1,1,Z1234,,,,0,0,0,,0,::1,,,,1,0,1,7,0,2014/5/12 上午 10:37:00,2014/5/12 上午 10:37:00,2,1,2,1,0,"James Belucci  ",Normal
1130,LFM2052,82DE7DF4-764F959A-5B620BEB-42618B6E-91AE6035-7AFC61C8-D0E9F3B0-DE002022,LFM2052@palmary.com,,,99992052,1,Helmuth Klein,,,1900,1,1,1,Z1234,,,,0,0,0,,0,::1,,,,1,0,1,7,0,2014/5/12 上午 10:37:00,2014/5/12 上午 10:37:00,2,1,2,1,0,"Helmuth Klein  ",Normal
1131,LFM2053,578E1527-28C0DC2B-2198E065-6F390C8F-A0E3B0F8-B5E23D33-8688473D-ED6949E1,LFM2053@palmary.com,,,99992053,1,John Cleez,,,1900,1,1,1,Z1234,,,,0,0,0,,0,::1,,,,1,0,1,7,0,2014/5/12 上午 10:37:00,2014/5/12 上午 10:37:00,2,1,2,1,0,"John Cleez  ",Normal
1132,LFM2054,108D1809-1420BCC0-EC1014EC-D00196C7-3EC680E5-09E6C404-0A8AF6BE-181F818E,LFM2054@palmary.com,,,99992054,1,Don Gerardo,,,1900,1,1,1,Z1234,,,,0,0,0,,0,::1,,,,1,0,1,7,0,2014/5/12 上午 10:37:00,2014/5/12 上午 10:37:00,2,1,2,1,0,"Don Gerardo  ",Normal
1133,LFM2055,97B91928-2D04589D-FA58ACDC-83CE67F7-4C2B769C-B3C60033-2048E216-E4640840,LFM2055@palmary.com,,,99992055,1,Al Bundy,,,1900,1,1,1,Z1234,,,,0,0,0,,0,::1,,,,1,0,1,7,0,2014/5/12 上午 10:37:00,2014/5/12 上午 10:37:00,2,1,2,1,0,"Al Bundy  ",Normal
1134,LFM2056,F8D7EE34-4A469C8D-FC7500B7-E63F5F55-70DEC1B9-B43E5D0A-F15B376C-B7FF26F9,LFM2056@palmary.com,,,99992056,1,Herman Schlusse,,,1900,1,1,1,Z1234,,,,0,0,0,,0,::1,,,,1,0,1,7,0,2014/5/12 上午 10:37:00,2014/5/12 上午 10:37:00,2,1,2,1,0,"Herman Schlusse  ",Normal
1135,LFM2057,805B94B9-8CF784FD-12880EE4-3EF33F21-AF9E4A0C-34580E49-2A9A3A59-01F82DE6,LFM2057@palmary.com,,,99992057,1,Dizzi Gillespi,,,1900,1,1,1,Z1234,,,,0,0,0,,0,::1,,,,1,0,1,7,0,2014/5/12 上午 10:37:00,2014/5/12 上午 10:37:00,2,1,2,1,0,"Dizzi Gillespi  ",Normal
1136,LFM2058,0409BF9B-ADC8B4A3-1FD60637-64877C0A-27D80DC4-EDFE450D-7E76AD34-2486D570,LFM2058@palmary.com,,,99992058,1,Francisca Font Barceló,,,1900,1,1,1,Z1234,,,,0,0,0,,0,::1,,,,1,0,1,7,0,2014/5/12 上午 10:37:00,2014/5/12 上午 10:37:00,2,1,2,1,0,"Francisca Font Barceló  ",Normal
1137,LFM2059,8E9EB964-B463BB6D-3FB85B4A-4FB74CED-C3B89FCF-C2072254-C133CF87-4EA3C010,LFM2059@palmary.com,,,99992059,1,Herbert Bernstorf,,,1900,1,1,1,Z1234,,,,0,0,0,,0,::1,,,,1,0,1,7,0,2014/5/12 上午 10:37:00,2014/5/12 上午 10:37:00,2,1,2,1,0,"Herbert Bernstorf  ",Normal
1138,LFM2060,8D401ED4-0BFD2B04-38FFC718-1785E666-A30D5D13-D17F02FE-C4CDE62B-58FAEF64,LFM2060@palmary.com,,,99992060,1,Leopoldo Samba,,,1900,1,1,1,Z1234,,,,0,0,0,,0,::1,,,,1,0,1,7,0,2014/5/12 上午 10:37:00,2014/5/12 上午 10:37:00,2,1,2,1,0,"Leopoldo Samba  ",Normal
1139,LFM2061,3A0B3E5A-4431649D-2A8E74C1-DD3C454F-B1BEA184-45B7F715-2B5404A8-7B02914D,LFM2061@palmary.com,,,99992061,1,Giovanni Santhos,,,1900,1,1,1,Z1234,,,,0,0,0,,0,::1,,,,1,0,1,7,0,2014/5/12 上午 10:37:00,2014/5/12 上午 10:37:00,2,1,2,1,0,"Giovanni Santhos  ",Normal
1140,LFM2062,1613928A-0871ED31-D21C38EF-80AC95DA-1FDC24FB-474C074F-F638750F-9CFB45DF,LFM2062@palmary.com,,,99992062,1,Jorge Alemaio,,,1900,1,1,1,Z1234,,,,0,0,0,,0,::1,,,,1,0,1,7,0,2014/5/12 上午 10:37:00,2014/5/12 上午 10:37:00,2,1,2,1,0,"Jorge Alemaio  ",Normal
1141,LFM2063,E6E948D4-A0D1B522-CB2A8D18-A1245F42-5B633DDA-8224DBBF-C987008C-8B33D286,LFM2063@palmary.com,,,99992063,1,George Essen,,,1900,1,1,1,Z1234,,,,0,0,0,,0,::1,,,,1,0,1,7,0,2014/5/12 上午 10:37:00,2014/5/12 上午 10:37:00,2,1,2,1,0,"George Essen  ",Normal
1142,LFM2064,557A931F-72F85D38-3DFE3E17-CF72E5AE-CF65483F-E357C3B2-54154B43-2643A58B,LFM2064@palmary.com,,,99992064,1,Emerson Fittipaldi,,,1900,1,1,1,Z1234,,,,0,0,0,,0,::1,,,,1,0,1,7,0,2014/5/12 上午 10:37:00,2014/5/12 上午 10:37:00,2,1,2,1,0,"Emerson Fittipaldi  ",Normal
1143,LFM2065,0F8FE156-D3829ECE-3D388ABD-D8C08459-30D36564-2703B0AA-34FA15E0-778B7E27,LFM2065@palmary.com,,,99992065,1,Malcolm X,,,1900,1,1,1,Z1234,,,,0,0,0,,0,::1,,,,1,0,1,7,0,2014/5/12 上午 10:37:00,2014/5/12 上午 10:37:00,2,1,2,1,0,"Malcolm X  ",Normal
1144,LFM2066,8720CCAC-EC60197C-A9CBF122-4FC75733-6BBBBC8A-3F3AE7B7-3829D9E3-CE000A33,LFM2066@palmary.com,,,99992066,1,Anna Bella,,,1900,1,1,1,Z1234,,,,0,0,0,,0,::1,,,,1,0,1,7,0,2014/5/12 上午 10:37:00,2014/5/12 上午 10:37:00,2,1,2,1,0,"Anna Bella  ",Normal
1145,LFM2067,9B621D23-6B58AD6D-44F7746B-4EEF0B78-D519D407-270E717C-159BD158-6B78C3CC,LFM2067@palmary.com,,,99992067,1,Thomá Lindao,,,1900,1,1,1,Z1234,,,,0,0,0,,0,::1,,,,1,0,1,7,0,2014/5/12 上午 10:37:00,2014/5/12 上午 10:37:00,2,1,2,1,0,"Thomá Lindao  ",Normal
1146,LFM2068,A561D53F-4C7D3217-FA7A13B5-7ADA23D8-0922F267-4366FAA2-7AEF8C7F-1867DE6B,LFM2068@palmary.com,,,99992068,1,Carl Perry,,,1900,1,1,1,Z1234,,,,0,0,0,,0,::1,,,,1,0,1,7,0,2014/5/12 上午 10:37:00,2014/5/12 上午 10:37:00,2,1,2,1,0,"Carl Perry  ",Normal
1147,LFM2069,6473ECC5-20CC191E-EF4D3ABB-6651FA85-A41320B3-53FA63A8-0606B50D-88D0E946,LFM2069@palmary.com,,,99992069,1,Emilio Ilegal,,,1900,1,1,1,Z1234,,,,0,0,0,,0,::1,,,,1,0,1,7,0,2014/5/12 上午 10:37:00,2014/5/12 上午 10:37:00,2,1,2,1,0,"Emilio Ilegal  ",Normal
1148,LFM2070,3F15F29E-7804759D-E65FEFAA-6F52FACD-393AB0C2-764EFE32-4443C43F-AA76A9AE,LFM2070@palmary.com,,,99992070,1,Akkurat Jonny,,,1900,1,1,1,Z1234,,,,0,0,0,,0,::1,,,,1,0,1,7,0,2014/5/12 上午 10:37:00,2014/5/12 上午 10:37:00,2,1,2,1,0,"Akkurat Jonny  ",Normal
1149,LFM2071,2BF10A00-B6085994-6171DE4B-BAABC8FA-2C031C1F-4A1A2CF2-C6502D94-D77AE5FD,LFM2071@palmary.com,,,99992071,1,Perry Farell,,,1900,1,1,1,Z1234,,,,0,0,0,,0,::1,,,,1,0,1,7,0,2014/5/12 上午 10:37:00,2014/5/12 上午 10:37:00,2,1,2,1,0,"Perry Farell  ",Normal
1150,LFM2072,78CA474E-7C849D8F-B6DA9666-C2CB116E-C07EDA31-C4579A6F-F42B2500-A876E060,LFM2072@palmary.com,,,99992072,1,Ray Banned,,,1900,1,1,1,Z1234,,,,0,0,0,,0,::1,,,,1,0,1,7,0,2014/5/12 上午 10:37:00,2014/5/12 上午 10:37:00,2,1,2,1,0,"Ray Banned  ",Normal
1151,LFM2073,6A8BE5E8-2C1D88A5-CE691601-B801A7EC-D497CA9C-4DCFB2B5-5B9A2550-B64BE80F,LFM2073@palmary.com,,,99992073,1,Preben Elkjaer,,,1900,1,1,1,Z1234,,,,0,0,0,,0,::1,,,,1,0,1,7,0,2014/5/12 上午 10:37:00,2014/5/12 上午 10:37:00,2,1,2,1,0,"Preben Elkjaer  ",Normal
1152,LFM2074,F45DDEA1-14DA5688-416C704B-8C37D028-276C056F-07FE1B4F-C85B9E54-C141983E,LFM2074@palmary.com,,,99992074,1,André Millard,,,1900,1,1,1,Z1234,,,,0,0,0,,0,::1,,,,1,0,1,7,0,2014/5/12 上午 10:37:00,2014/5/12 上午 10:37:00,2,1,2,1,0,"André Millard  ",Normal
1153,LFM2075,A314F9EC-85937261-883F94C2-DE858B84-27D01B2A-A6401E14-3954D459-05F46F01,LFM2075@palmary.com,,,99992075,1,Paul Smith,,,1900,1,1,1,Z1234,,,,0,0,0,,0,::1,,,,1,0,1,7,0,2014/5/12 上午 10:37:00,2014/5/12 上午 10:37:00,2,1,2,1,0,"Paul Smith  ",Normal
1154,LFM2076,53A8D018-DF307249-5993F179-B848A6BC-D20A25B6-1E1F45CA-B791DB0D-93B0EF01,LFM2076@palmary.com,,,99992076,1,Cheril Cow,,,1900,1,1,1,Z1234,,,,0,0,0,,0,::1,,,,1,0,1,7,0,2014/5/12 上午 10:37:00,2014/5/12 上午 10:37:00,2,1,2,1,0,"Cheril Cow  ",Normal
1155,LFM2077,DC7F8ED9-6D79432A-5FC3A222-22225B3C-2FAB804F-845C97F6-859AA15D-3FFC7033,LFM2077@palmary.com,,,99992077,1,Charles Oakley,,,1900,1,1,1,Z1234,,,,0,0,0,,0,::1,,,,1,0,1,7,0,2014/5/12 上午 10:37:00,2014/5/12 上午 10:37:00,2,1,2,1,0,"Charles Oakley  ",Normal
1156,LFM2078,EEBD4C3A-910DE45B-00F34728-7430F8DE-474B1888-D3F8229C-917015E1-592EFC0B,LFM2078@palmary.com,,,99992078,1,Mary Stone,,,1900,1,1,1,Z1234,,,,0,0,0,,0,::1,,,,1,0,1,7,0,2014/5/12 上午 10:37:00,2014/5/12 上午 10:37:00,2,1,2,1,0,"Mary Stone  ",Normal
1157,LFM2079,F5EAC2EF-8BBB31F4-D7E3D44A-607B5B99-9E3ADE42-A865AC4E-D47E9FFB-72ECA5DF,LFM2079@palmary.com,,,99992079,1,Heinz Disco,,,1900,1,1,1,Z1234,,,,0,0,0,,0,::1,,,,1,0,1,7,0,2014/5/12 上午 10:37:00,2014/5/12 上午 10:37:00,2,1,2,1,0,"Heinz Disco  ",Normal
1158,LFM2080,D07D6BD8-68365A49-F4429FB5-15BD91E6-700B783F-681667F1-897295B9-E22021DB,LFM2080@palmary.com,,,99992080,1,Peloto Gomez,,,1900,1,1,1,Z1234,,,,0,0,0,,0,::1,,,,1,0,1,7,0,2014/5/12 上午 10:37:00,2014/5/12 上午 10:37:00,2,1,2,1,0,"Peloto Gomez  ",Normal
1159,LFM2081,B1D8C456-40AEA0DC-28AA0F9E-831B7AF0-28685410-DF12ECC1-61768EE1-A8E7E5C2,LFM2081@palmary.com,,,99992081,1,Mercedes Couto,,,1900,1,1,1,Z1234,,,,0,0,0,,0,::1,,,,1,0,1,7,0,2014/5/12 上午 10:37:01,2014/5/12 上午 10:37:01,2,1,2,1,0,"Mercedes Couto  ",Normal
1160,LFM2082,DC2CB31A-7A91CD0D-82D72759-E6C2EAFE-CD4256AB-E52CCC14-F8D2ACD6-B475F980,LFM2082@palmary.com,,,99992082,1,Mark Stark,,,1900,1,1,1,Z1234,,,,0,0,0,,0,::1,,,,1,0,1,7,0,2014/5/12 上午 10:37:01,2014/5/12 上午 10:37:01,2,1,2,1,0,"Mark Stark  ",Normal
1161,LFM2084,75983BB2-D05BA6E8-89D7DC45-754CE6A3-B2B9EB1F-CAAFE89C-97B5CFEF-5CBAB5B7,LFM2084@palmary.com,,,99992084,1,Pierre Robert,,,1900,1,1,1,Z1234,,,,0,0,0,,0,::1,,,,1,0,1,7,0,2014/5/12 上午 10:37:01,2014/5/12 上午 10:37:01,2,1,2,1,0,"Pierre Robert  ",Normal
1162,LFM2085,D7470764-D2C3305A-7AE41ECE-519DDC42-A2627B8D-F5CE98E4-7954A2C2-331346B1,LFM2085@palmary.com,,,99992085,1,Henry Renault,,,1900,1,1,1,Z1234,,,,0,0,0,,0,::1,,,,1,0,1,7,0,2014/5/12 上午 10:37:01,2014/5/12 上午 10:37:01,2,1,2,1,0,"Henry Renault  ",Normal
1163,LFM2086,8BD35291-253DE2FC-B8413379-A3246950-811B61C4-D0ECFF12-C4D992AB-B2EF4174,LFM2086@palmary.com,,,99992086,1,Ralf Schumaker,,,1900,1,1,1,Z1234,,,,0,0,0,,0,::1,,,,1,0,1,7,0,2014/5/12 上午 10:37:01,2014/5/12 上午 10:37:01,2,1,2,1,0,"Ralf Schumaker  ",Normal
1164,LFM2087,D8856C10-F4D9F716-94D65F06-FCEA3055-23F2A826-465BF337-0F8DD71B-C5549390,LFM2087@palmary.com,,,99992087,1,Miiko Heikillä,,,1900,1,1,1,Z1234,,,,0,0,0,,0,::1,,,,1,0,1,7,0,2014/5/12 上午 10:37:01,2014/5/12 上午 10:37:01,2,1,2,1,0,"Miiko Heikillä  ",Normal
1165,LFM2088,355304AC-73C48332-65C1CB13-1CF00839-9F8904B0-91EBED98-DBD49BE8-45A5FEBC,LFM2088@palmary.com,,,99992088,1,Mariah Erdi,,,1900,1,1,1,Z1234,,,,0,0,0,,0,::1,,,,1,0,1,7,0,2014/5/12 上午 10:37:01,2014/5/12 上午 10:37:01,2,1,2,1,0,"Mariah Erdi  ",Normal
1166,LFM2089,D33ED22F-9F5565E4-AD9E20F7-EBB1356E-FFE63CA7-03912186-5EFB5CC9-65016E86,LFM2089@palmary.com,,,99992089,1,Alice Chain,,,1900,1,1,1,Z1234,,,,0,0,0,,0,::1,,,,1,0,1,7,0,2014/5/12 上午 10:37:01,2014/5/12 上午 10:37:01,2,1,2,1,0,"Alice Chain  ",Normal
1167,LFM2090,B47CC302-9925C2CE-4BC1CAA0-193391E3-D5F4ED78-364AD85C-566A692D-90DF54C9,LFM2090@palmary.com,,,99992090,1,Reijoo Haajanen,,,1900,1,1,1,Z1234,,,,0,0,0,,0,::1,,,,1,0,1,7,0,2014/5/12 上午 10:37:01,2014/5/12 上午 10:37:01,2,1,2,1,0,"Reijoo Haajanen  ",Normal
1168,LFM2091,2E658658-893E8F21-17A8B755-C9DF4EC1-648A1378-6F47BEC4-5C694A82-C148334F,LFM2091@palmary.com,,,99992091,1,Boniekk Wallessa,,,1900,1,1,1,Z1234,,,,0,0,0,,0,::1,,,,1,0,1,7,0,2014/5/12 上午 10:37:01,2014/5/12 上午 10:37:01,2,1,2,1,0,"Boniekk Wallessa  ",Normal
1169,LFM2094,FAF91911-86F4CF1B-F77CF6B7-A22F93C3-B06156BE-26DE9AAC-F305B9EA-8970A8BC,LFM2094@palmary.com,,,99992094,1,Dennis Olsen,,,1900,1,1,1,Z1234,,,,0,0,0,,0,::1,,,,1,0,1,7,0,2014/5/12 上午 10:37:01,2014/5/12 上午 10:37:01,2,1,2,1,0,"Dennis Olsen  ",Normal
1170,LFM2127,79254459-1E9FBBB4-53FA0942-A094A11D-F6FA5E68-FD7B1202-5366815C-6C2E79A3,LFM2127@palmary.com,,,99992127,1,Staffan Blond,,,1900,1,1,1,Z1234,,,,0,0,0,,0,::1,,,,1,0,1,7,0,2014/5/12 上午 10:37:01,2014/5/12 上午 10:37:01,2,1,2,1,0,"Staffan Blond  ",Normal
1171,LFM3001,E8CE3528-776D3786-5ADFE0E2-7C3ECFF5-96991ED1-94C1EE65-0369E4F7-B2F48203,LFM3001@palmary.com,,,99993001,1,Pauline Yeung,,,1900,1,1,1,Z1234,,,,0,0,0,,0,::1,,,,1,0,1,7,0,2014/5/12 上午 10:37:01,2014/5/12 上午 10:37:01,2,1,2,1,0,"Pauline Yeung  ",Normal
1172,LFM3002,2B5FD8B8-A930ACA7-F440A0E9-5CCAFB3E-0AC51C47-EF6D614F-21573B53-A4788F2F,LFM3002@palmary.com,,,99993002,1,Lee Yin Lam Joey,,,1900,1,1,1,Z1234,,,,0,0,0,,0,::1,,,,1,0,1,7,0,2014/5/12 上午 10:37:01,2014/5/12 上午 10:37:01,2,1,2,1,0,"Lee Yin Lam Joey  ",Normal
1173,LFM3003,4D9518C4-55567315-2B936536-36764CE3-665BAB9C-56F297B0-2B327B0D-B960D372,LFM3003@palmary.com,,,99993003,1,Chan Suet Fai,,,1900,1,1,1,Z1234,,,,0,0,0,,0,::1,,,,1,0,1,7,0,2014/5/12 上午 10:37:01,2014/5/12 上午 10:37:01,2,1,2,1,0,"Chan Suet Fai  ",Normal
1174,LFM3004,B53DCC4A-F7AA24CA-998373BD-90D23187-3422DAD2-658798BD-0E4BF24C-BCAA5016,LFM3004@palmary.com,,,99993004,1,Lee Jin Jin,,,1900,1,1,1,Z1234,,,,0,0,0,,0,::1,,,,1,0,1,7,0,2014/5/12 上午 10:37:01,2014/5/12 上午 10:37:01,2,1,2,1,0,"Lee Jin Jin  ",Normal
1175,LFM3005,E6B5832F-CEF5B8D8-4BFA1129-341DD3A9-4223C6D0-66F72CD3-000D6BB0-CD98F275,LFM3005@palmary.com,,,99993005,1,Lin Suk Fong Annie,,,1900,1,1,1,Z1234,,,,0,0,0,,0,::1,,,,1,0,1,7,0,2014/5/12 上午 10:37:01,2014/5/12 上午 10:37:01,2,1,2,1,0,"Lin Suk Fong Annie  ",Normal
1176,LFM3006,754FDB1C-B27493A0-14C943DD-3351CCFD-F913DDE8-6A178AD8-81D11241-59BABA66,LFM3006@palmary.com,,,99993006,1,Tong Yu Lan Tracy,,,1900,1,1,1,Z1234,,,,0,0,0,,0,::1,,,,1,0,1,7,0,2014/5/12 上午 10:37:01,2014/5/12 上午 10:37:01,2,1,2,1,0,"Tong Yu Lan Tracy  ",Normal
1177,LFM3007,D590447B-FD73EBFC-E0802B8E-C9F54626-5A4B0EEF-7EDC46BE-AE51BF3A-73FB6674,LFM3007@palmary.com,,,99993007,1,Eric Wong,,,1900,1,1,1,Z1234,,,,0,0,0,,0,::1,,,,1,0,1,7,0,2014/5/12 上午 10:37:01,2014/5/12 上午 10:37:01,2,1,2,1,0,"Eric Wong  ",Normal
1178,LFM3008,7261F161-3B315B1C-B61E7D59-A2CADA94-18745217-8CD07F97-C08CC61C-F4269B1B,LFM3008@palmary.com,,,99993008,1,Chan Yuk Chee Ivy,,,1900,1,1,1,Z1234,,,,0,0,0,,0,::1,,,,1,0,1,7,0,2014/5/12 上午 10:37:01,2014/5/12 上午 10:37:01,2,1,2,1,0,"Chan Yuk Chee Ivy  ",Normal
1179,LFM3009,DE08F119-B0392B67-F97D901F-3BA24D56-52391C34-7CF0115C-C5B54F92-EEF60536,LFM3009@palmary.com,,,99993009,1,Ho Lan Ying,,,1900,1,1,1,Z1234,,,,0,0,0,,0,::1,,,,1,0,1,7,0,2014/5/12 上午 10:37:01,2014/5/12 上午 10:37:01,2,1,2,1,0,"Ho Lan Ying  ",Normal
1180,LFM3010,9B2326FF-2FFA17CF-48590905-4384CA58-835FA69A-57CD06A8-1253571E-5EF3293A,LFM3010@palmary.com,,,99993010,1,Cheung Lai Chun Betty,,,1900,1,1,1,Z1234,,,,0,0,0,,0,::1,,,,1,0,1,7,0,2014/5/12 上午 10:37:01,2014/5/12 上午 10:37:01,2,1,2,1,0,"Cheung Lai Chun Betty  ",Normal
1181,LFM3011,221D1E99-27601148-F73A3891-CD831579-3F3FF504-08275848-9A8AB62E-944AC26A,LFM3011@palmary.com,,,99993011,1,Liu Lai Fong Angel,,,1900,1,1,1,Z1234,,,,0,0,0,,0,::1,,,,1,0,1,7,0,2014/5/12 上午 10:37:01,2014/5/12 上午 10:37:01,2,1,2,1,0,"Liu Lai Fong Angel  ",Normal
1182,LFM3012,652E5B56-D4470236-F4ACA66E-03FE65A1-2514E1A9-29A8505E-371DA415-C07264A2,LFM3012@palmary.com,,,99993012,1,Leung Kwai Fong,,,1900,1,1,1,Z1234,,,,0,0,0,,0,::1,,,,1,0,1,7,0,2014/5/12 上午 10:37:01,2014/5/12 上午 10:37:01,2,1,2,1,0,"Leung Kwai Fong  ",Normal
1183,LFM3013,C553A8AC-3A6FCC35-4169C997-33DCE84C-D2D75F55-DBC58005-7AA2BE43-0AD4590B,LFM3013@palmary.com,,,99993013,1,Chu Oi Lin Irene,,,1900,1,1,1,Z1234,,,,0,0,0,,0,::1,,,,1,0,1,7,0,2014/5/12 上午 10:37:01,2014/5/12 上午 10:37:01,2,1,2,1,0,"Chu Oi Lin Irene  ",Normal
1184,LFM3014,D16686E4-CD79F3C8-FDF50C16-C63E5221-57AD5719-535EB3B6-30D39A41-54A3DD73,LFM3014@palmary.com,,,99993014,1,Wong Yuk Ling Elaine,,,1900,1,1,1,Z1234,,,,0,0,0,,0,::1,,,,1,0,1,7,0,2014/5/12 上午 10:37:01,2014/5/12 上午 10:37:01,2,1,2,1,0,"Wong Yuk Ling Elaine  ",Normal
1185,LFM3015,29E30F6E-4A91387F-E81FF107-DAF9DA49-58DFB4ED-A8C64F44-7B884F30-2AE15A6D,LFM3015@palmary.com,,,99993015,1,Yeung Wing Yan Winnie,,,1900,1,1,1,Z1234,,,,0,0,0,,0,::1,,,,1,0,1,7,0,2014/5/12 上午 10:37:01,2014/5/12 上午 10:37:01,2,1,2,1,0,"Yeung Wing Yan Winnie  ",Normal
1186,LFM3016,603486AB-2A77E5B8-5CB7DC92-A915810F-63D5525A-8E60C405-C79DD55D-0D684EA4,LFM3016@palmary.com,,,99993016,1,Lam Kwan Chun,,,1900,1,1,1,Z1234,,,,0,0,0,,0,::1,,,,1,0,1,7,0,2014/5/12 上午 10:37:01,2014/5/12 上午 10:37:01,2,1,2,1,0,"Lam Kwan Chun  ",Normal
1187,LFM3017,61266F43-9512D9C7-8C7419A0-DA520962-9A436EEF-C1BC225A-51ADB474-DB87CD74,LFM3017@palmary.com,,,99993017,1,Leung Choi Kwai Candy,,,1900,1,1,1,Z1234,,,,0,0,0,,0,::1,,,,1,0,1,7,0,2014/5/12 上午 10:37:01,2014/5/12 上午 10:37:01,2,1,2,1,0,"Leung Choi Kwai Candy  ",Normal
1188,LFM3018,882BD487-56AAA5FF-9EE409CC-23A30B31-F3B486C4-4E195139-DC34EE05-0A038ED1,LFM3018@palmary.com,,,99993018,1,Lam Kwan Fung,,,1900,1,1,1,Z1234,,,,0,0,0,,0,::1,,,,1,0,1,7,0,2014/5/12 上午 10:37:01,2014/5/12 上午 10:37:01,2,1,2,1,0,"Lam Kwan Fung  ",Normal
1189,LFM3019,7F5F1118-2BA58F42-16D97C92-FBC378AD-51C3F8AD-541E5E1E-3111BC09-9D9A75F8,LFM3019@palmary.com,,,99993019,1,Chan Yuk Ip,,,1900,1,1,1,Z1234,,,,0,0,0,,0,::1,,,,1,0,1,7,0,2014/5/12 上午 10:37:01,2014/5/12 上午 10:37:01,2,1,2,1,0,"Chan Yuk Ip  ",Normal
1190,LFM3020,4A358BD1-E2B2CFF8-1562565B-C27CCFFD-C59E6387-5AB54805-B885497F-DF54E899,LFM3020@palmary.com,,,99993020,1,Fong Po Kuen Angel,,,1900,1,1,1,Z1234,,,,0,0,0,,0,::1,,,,1,0,1,7,0,2014/5/12 上午 10:37:01,2014/5/12 上午 10:37:01,2,1,2,1,0,"Fong Po Kuen Angel  ",Normal
1191,LFM3021,0DD6F77E-33BBB396-538B09D6-F79B4171-18F2CB0E-10D46178-9FCE1C85-0F434411,LFM3021@palmary.com,,,99993021,1,Ng Pui Suen,,,1900,1,1,1,Z1234,,,,0,0,0,,0,::1,,,,1,0,1,7,0,2014/5/12 上午 10:37:01,2014/5/12 上午 10:37:01,2,1,2,1,0,"Ng Pui Suen  ",Normal
1192,LFM3022,56A1752E-75F4E889-2C1E6A6B-0E9C9212-523883A1-FDCCA7E3-FD3C261F-DE676905,LFM3022@palmary.com,,,99993022,1,Li Lai King,,,1900,1,1,1,Z1234,,,,0,0,0,,0,::1,,,,1,0,1,7,0,2014/5/12 上午 10:37:01,2014/5/12 上午 10:37:01,2,1,2,1,0,"Li Lai King  ",Normal
1193,LFM3023,67D1E729-5CBF8D74-47EC6333-827B16FF-F96848BA-93C387D9-3FE20E96-ACB02015,LFM3023@palmary.com,,,99993023,1,Yim Wai Man Mon,,,1900,1,1,1,Z1234,,,,0,0,0,,0,::1,,,,1,0,1,7,0,2014/5/12 上午 10:37:01,2014/5/12 上午 10:37:01,2,1,2,1,0,"Yim Wai Man Mon  ",Normal
1194,LFM3024,B13D4CA1-83D89EFA-D2CDC2C7-98D2A35D-ABC7B0A2-A5F26178-D5627AB8-C668303C,LFM3024@palmary.com,,,99993024,1,Martin Roland,,,1900,1,1,1,Z1234,,,,0,0,0,,0,::1,,,,1,0,1,7,0,2014/5/12 上午 10:37:01,2014/5/12 上午 10:37:01,2,1,2,1,0,"Martin Roland  ",Normal
1195,LFM3025,03F21A8D-2FA80948-E200A451-80143137-492DF322-BFA2D4D4-CCBE5872-800B66E1,LFM3025@palmary.com,,,99993025,1,Fok King Yan Kitty,,,1900,1,1,1,Z1234,,,,0,0,0,,0,::1,,,,1,0,1,7,0,2014/5/12 上午 10:37:01,2014/5/12 上午 10:37:01,2,1,2,1,0,"Fok King Yan Kitty  ",Normal
1196,LFM3026,E543E04B-55386966-06DBE099-61D51101-052BFC0E-4B06BE3E-82366999-49885EB7,LFM3026@palmary.com,,,99993026,1,Ng Wai Ling Mona,,,1900,1,1,1,Z1234,,,,0,0,0,,0,::1,,,,1,0,1,7,0,2014/5/12 上午 10:37:01,2014/5/12 上午 10:37:01,2,1,2,1,0,"Ng Wai Ling Mona  ",Normal
1197,LFM3027,9793BC6A-7EEDA213-33926EE2-DFC479E0-EA473A60-D8412321-3DEB6E5F-35C653C1,LFM3027@palmary.com,,,99993027,1,Ko Shuk Fun,,,1900,1,1,1,Z1234,,,,0,0,0,,0,::1,,,,1,0,1,7,0,2014/5/12 上午 10:37:01,2014/5/12 上午 10:37:01,2,1,2,1,0,"Ko Shuk Fun  ",Normal
1198,LFM3028,2FFA8082-7AE949A8-600E6EA9-425F42AC-EF3254BF-CB4ACCF1-92B04929-B63F7D72,LFM3028@palmary.com,,,99993028,1,Lo Chor Sim,,,1900,1,1,1,Z1234,,,,0,0,0,,0,::1,,,,1,0,1,7,0,2014/5/12 上午 10:37:01,2014/5/12 上午 10:37:01,2,1,2,1,0,"Lo Chor Sim  ",Normal
1199,LFM3029,B52307E9-03434995-691929C7-13348D69-475D8982-99043988-CFB23F6E-BA9BC838,LFM3029@palmary.com,,,99993029,1,Chan Mai Ling Terry,,,1900,1,1,1,Z1234,,,,0,0,0,,0,::1,,,,1,0,1,7,0,2014/5/12 上午 10:37:01,2014/5/12 上午 10:37:01,2,1,2,1,0,"Chan Mai Ling Terry  ",Normal
1200,LFM3030,0E758610-35896A97-D0DDF902-4BE388A5-296788D6-9CA16E40-CC3D6F86-B48E76C5,LFM3030@palmary.com,,,99993030,1,Woo Sau Kuen,,,1900,1,1,1,Z1234,,,,0,0,0,,0,::1,,,,1,0,1,7,0,2014/5/12 上午 10:37:01,2014/5/12 上午 10:37:01,2,1,2,1,0,"Woo Sau Kuen  ",Normal
1201,LFM3031,74F74DAE-30287E86-C7998C67-AFB2A349-708A32D7-E416770B-3D6B653F-E2AC56FF,LFM3031@palmary.com,,,99993031,1,Cheung Yue Hing,,,1900,1,1,1,Z1234,,,,0,0,0,,0,::1,,,,1,0,1,7,0,2014/5/12 上午 10:37:01,2014/5/12 上午 10:37:01,2,1,2,1,0,"Cheung Yue Hing  ",Normal
1202,LFM3032,870F3CFE-160AED38-C2B41D36-801DBC08-83695161-A1639A89-F8427F2A-B3B283BF,LFM3032@palmary.com,,,99993032,1,Sin Mei Ling Iris,,,1900,1,1,1,Z1234,,,,0,0,0,,0,::1,,,,1,0,1,7,0,2014/5/12 上午 10:37:01,2014/5/12 上午 10:37:01,2,1,2,1,0,"Sin Mei Ling Iris  ",Normal
1203,LFM3033,B89F2ACD-D796D223-840E91B8-14E7E01B-84B037BC-BFE88AC5-294EA349-A58DB80C,LFM3033@palmary.com,,,99993033,1,Chin Yau Wai Tammy,,,1900,1,1,1,Z1234,,,,0,0,0,,0,::1,,,,1,0,1,7,0,2014/5/12 上午 10:37:01,2014/5/12 上午 10:37:01,2,1,2,1,0,"Chin Yau Wai Tammy  ",Normal
1204,LFM3034,C7759541-02751974-4E93B016-731FCC05-574C1E14-A0359F37-A138B024-206EF81A,LFM3034@palmary.com,,,99993034,1,Chan Kit Ling Queensa,,,1900,1,1,1,Z1234,,,,0,0,0,,0,::1,,,,1,0,1,7,0,2014/5/12 上午 10:37:01,2014/5/12 上午 10:37:01,2,1,2,1,0,"Chan Kit Ling Queensa  ",Normal
1205,LFM3035,7AB87AB3-710656E5-920EADD3-BDDE5D00-EC03FF33-1A48071B-54D2BD50-EB7B32E0,LFM3035@palmary.com,,,99993035,1,Chan Mai Lin Amy,,,1900,1,1,1,Z1234,,,,0,0,0,,0,::1,,,,1,0,1,7,0,2014/5/12 上午 10:37:01,2014/5/12 上午 10:37:01,2,1,2,1,0,"Chan Mai Lin Amy  ",Normal
1206,LFM3036,7C438BFB-CD226063-43CCB2A5-23C0E95B-42600CCE-DD6E0A42-B7656905-50EDBE06,LFM3036@palmary.com,,,99993036,1,Chiu Shuk Fong Fonnie,,,1900,1,1,1,Z1234,,,,0,0,0,,0,::1,,,,1,0,1,7,0,2014/5/12 上午 10:37:01,2014/5/12 上午 10:37:01,2,1,2,1,0,"Chiu Shuk Fong Fonnie  ",Normal
1207,LFM3037,8E1985D5-F7A1AC22-C485FF93-0B367331-4A286FED-3FE5B886-6494AB3F-7596D277,LFM3037@palmary.com,,,99993037,1,Mok Oi Lin Irene,,,1900,1,1,1,Z1234,,,,0,0,0,,0,::1,,,,1,0,1,7,0,2014/5/12 上午 10:37:01,2014/5/12 上午 10:37:01,2,1,2,1,0,"Mok Oi Lin Irene  ",Normal
1208,LFM3038,E11393B0-678298A1-72BA9133-A4404DF2-536DF8A7-D347F120-98CCA3AA-95085B5D,LFM3038@palmary.com,,,99993038,1,Tsang Siu Lan,,,1900,1,1,1,Z1234,,,,0,0,0,,0,::1,,,,1,0,1,7,0,2014/5/12 上午 10:37:01,2014/5/12 上午 10:37:01,2,1,2,1,0,"Tsang Siu Lan  ",Normal
1209,LFM3039,CFA03131-3DC5C08D-69D7486C-7CA9A483-8A37341D-D93A896C-05F578A8-404C1004,LFM3039@palmary.com,,,99993039,1,Chiu Suk Yee Iman,,,1900,1,1,1,Z1234,,,,0,0,0,,0,::1,,,,1,0,1,7,0,2014/5/12 上午 10:37:01,2014/5/12 上午 10:37:01,2,1,2,1,0,"Chiu Suk Yee Iman  ",Normal
1210,LFM3040,11921B41-9C40E3E3-E15FC3DF-3A24AAD1-EECCEE2F-2031E696-792FC21D-0D83ED69,LFM3040@palmary.com,,,99993040,1,Chan Wing Man Munny,,,1900,1,1,1,Z1234,,,,0,0,0,,0,::1,,,,1,0,1,7,0,2014/5/12 上午 10:37:01,2014/5/12 上午 10:37:01,2,1,2,1,0,"Chan Wing Man Munny  ",Normal
1211,LFM3041,7DC9AE01-7F238E1A-8C64C036-F2A767A5-C0D06D68-330BDC80-3A8BAD5D-92B9BCE4,LFM3041@palmary.com,,,99993041,1,Tsang Hoi Yin Boogie,,,1900,1,1,1,Z1234,,,,0,0,0,,0,::1,,,,1,0,1,7,0,2014/5/12 上午 10:37:01,2014/5/12 上午 10:37:01,2,1,2,1,0,"Tsang Hoi Yin Boogie  ",Normal
1212,LFM3042,0A19A335-F840E72A-CC22345C-0AC04115-E0351315-31DF913C-F8955652-F463047A,LFM3042@palmary.com,,,99993042,1,Kok Man Lai Ada,,,1900,1,1,1,Z1234,,,,0,0,0,,0,::1,,,,1,0,1,7,0,2014/5/12 上午 10:37:01,2014/5/12 上午 10:37:01,2,1,2,1,0,"Kok Man Lai Ada  ",Normal
1213,LFM3043,13B77B82-DBC23F42-AC6034F6-2B08FF73-702EDF99-5F0A6756-13E38F12-8393A6B7,LFM3043@palmary.com,,,99993043,1,Lee Yuk Wa Loretta,,,1900,1,1,1,Z1234,,,,0,0,0,,0,::1,,,,1,0,1,7,0,2014/5/12 上午 10:37:01,2014/5/12 上午 10:37:01,2,1,2,1,0,"Lee Yuk Wa Loretta  ",Normal
1214,LFM3044,61D39618-FA1253D2-18059142-4F6DA642-9D501765-E8F1D44C-181BC2B3-24CD8D6B,LFM3044@palmary.com,,,99993044,1,Chau Wan Ling,,,1900,1,1,1,Z1234,,,,0,0,0,,0,::1,,,,1,0,1,7,0,2014/5/12 上午 10:37:01,2014/5/12 上午 10:37:01,2,1,2,1,0,"Chau Wan Ling  ",Normal
1215,LFM3045,27FF75D9-C25BBC08-EEEAF8AD-1CA5EE9A-2363E87C-2B7FB329-9DC1E07E-A4C2BFAF,LFM3045@palmary.com,,,99993045,1,Cheung Tze Mei Rebecca,,,1900,1,1,1,Z1234,,,,0,0,0,,0,::1,,,,1,0,1,7,0,2014/5/12 上午 10:37:01,2014/5/12 上午 10:37:01,2,1,2,1,0,"Cheung Tze Mei Rebecca  ",Normal
1216,LFM3046,4BE60DA0-09B2B5FD-88EC30A3-5CF34F4B-37F0C50D-42B954D3-D66976DC-0323AA1C,LFM3046@palmary.com,,,99993046,1,Wu Mi Ling,,,1900,1,1,1,Z1234,,,,0,0,0,,0,::1,,,,1,0,1,7,0,2014/5/12 上午 10:37:01,2014/5/12 上午 10:37:01,2,1,2,1,0,"Wu Mi Ling  ",Normal
1217,LFM3047,01158CDB-84719B83-180C14C6-15ECE6C6-EF7153A1-D93FB92C-BABED1E9-3B6E5F3A,LFM3047@palmary.com,,,99993047,1,Esther Wong,,,1900,1,1,1,Z1234,,,,0,0,0,,0,::1,,,,1,0,1,7,0,2014/5/12 上午 10:37:01,2014/5/12 上午 10:37:01,2,1,2,1,0,"Esther Wong  ",Normal
1218,LFM3048,51BD17AA-822D9909-65596FBC-9067FE09-A20B9923-386B8AB2-F0159C96-84407D94,LFM3048@palmary.com,,,99993048,1,Sandy Wong,,,1900,1,1,1,Z1234,,,,0,0,0,,0,::1,,,,1,0,1,7,0,2014/5/12 上午 10:37:01,2014/5/12 上午 10:37:01,2,1,2,1,0,"Sandy Wong  ",Normal
1219,LFM3049,FB3B5F57-D2370172-22A48930-A025CE5D-B9E2DFB2-5C894322-31A03BB2-23879D42,LFM3049@palmary.com,,,99993049,1,Carmen Chuang,,,1900,1,1,1,Z1234,,,,0,0,0,,0,::1,,,,1,0,1,7,0,2014/5/12 上午 10:37:01,2014/5/12 上午 10:37:01,2,1,2,1,0,"Carmen Chuang  ",Normal
1220,LFM3050,C980A3C4-3E321B56-F5DC62D6-AAB03C0D-B79C92CE-3DAF3391-4F854D08-37426718,LFM3050@palmary.com,,,99993050,1,Ng Lai Yuk,,,1900,1,1,1,Z1234,,,,0,0,0,,0,::1,,,,1,0,1,7,0,2014/5/12 上午 10:37:01,2014/5/12 上午 10:37:01,2,1,2,1,0,"Ng Lai Yuk  ",Normal
1221,LFM3051,A7698D3E-40994EB8-07B829DF-A22AC5E8-FF646A52-7BDA088B-0B4DEDAF-CE149322,LFM3051@palmary.com,,,99993051,1,Angel Yuen,,,1900,1,1,1,Z1234,,,,0,0,0,,0,::1,,,,1,0,1,7,0,2014/5/12 上午 10:37:01,2014/5/12 上午 10:37:01,2,1,2,1,0,"Angel Yuen  ",Normal
1222,LFM3052,5DB8F878-B53A532E-A3D0C1CE-A9BC2C61-E604E652-228433D1-BDAB40C7-50C05837,LFM3052@palmary.com,,,99993052,1,April Chan,,,1900,1,1,1,Z1234,,,,0,0,0,,0,::1,,,,1,0,1,7,0,2014/5/12 上午 10:37:01,2014/5/12 上午 10:37:01,2,1,2,1,0,"April Chan  ",Normal
1223,LFM3053,EE6E5867-AA2A0AED-D25793AD-B1137CAF-5B2E5B90-6D1D112B-B6E9ACB9-C1EEA4DA,LFM3053@palmary.com,,,99993053,1,Mandy Har,,,1900,1,1,1,Z1234,,,,0,0,0,,0,::1,,,,1,0,1,7,0,2014/5/12 上午 10:37:01,2014/5/12 上午 10:37:01,2,1,2,1,0,"Mandy Har  ",Normal
1224,LFM3054,6BAE999F-F5C0441F-99E4E8D0-A579C23C-04C1D605-4ECD837A-0E5925A3-F58B88AF,LFM3054@palmary.com,,,99993054,1,Canny Fung,,,1900,1,1,1,Z1234,,,,0,0,0,,0,::1,,,,1,0,1,7,0,2014/5/12 上午 10:37:01,2014/5/12 上午 10:37:01,2,1,2,1,0,"Canny Fung  ",Normal
1225,LFM3055,CBA27B33-F6E6E9FB-C5B41EE0-9CB898DA-7546AFD9-61E1EC22-ED8227BC-0C1DCF33,LFM3055@palmary.com,,,99993055,1,LAW Wai Fan,,,1900,1,1,1,Z1234,,,,0,0,0,,0,::1,,,,1,0,1,7,0,2014/5/12 上午 10:37:01,2014/5/12 上午 10:37:01,2,1,2,1,0,"LAW Wai Fan  ",Normal
1226,LFM3056,27E6DE50-70B3B8AD-4EEDA38E-C54A7965-3121E28D-E0D5918F-688F9F4C-664C11FC,LFM3056@palmary.com,,,99993056,1,Elizabeth Liu,,,1900,1,1,1,Z1234,,,,0,0,0,,0,::1,,,,1,0,1,7,0,2014/5/12 上午 10:37:01,2014/5/12 上午 10:37:01,2,1,2,1,0,"Elizabeth Liu  ",Normal
1227,LFM3057,5FFD7669-B9D6AFC0-1E3D159F-334B47E0-87D8F0BC-A9D2B48B-3916E38C-3B309378,LFM3057@palmary.com,,,99993057,1,Shirley Tsoi,,,1900,1,1,1,Z1234,,,,0,0,0,,0,::1,,,,1,0,1,7,0,2014/5/12 上午 10:37:01,2014/5/12 上午 10:37:01,2,1,2,1,0,"Shirley Tsoi  ",Normal
1228,LFM3058,975FD979-6CA794A7-B7A83D5C-8411BBE8-6A3D191E-7C42F06A-15A9AF40-77CD7C4A,LFM3058@palmary.com,,,99993058,1,Samantha Siu,,,1900,1,1,1,Z1234,,,,0,0,0,,0,::1,,,,1,0,1,7,0,2014/5/12 上午 10:37:01,2014/5/12 上午 10:37:01,2,1,2,1,0,"Samantha Siu  ",Normal
1229,LFM3059,109ECF04-37A76911-1DE77CB4-D4A438D9-C54A281A-75D87D93-7F534018-5F45F906,LFM3059@palmary.com,,,99993059,1,Kan Cheung,,,1900,1,1,1,Z1234,,,,0,0,0,,0,::1,,,,1,0,1,7,0,2014/5/12 上午 10:37:01,2014/5/12 上午 10:37:01,2,1,2,1,0,"Kan Cheung  ",Normal
1230,LFM3060,01431487-39AABE23-85E75863-8E6802E8-8634FFBA-892B32EE-8CA34BB5-CC3D5CEA,LFM3060@palmary.com,,,99993060,1,Lee Yin Ching,,,1900,1,1,1,Z1234,,,,0,0,0,,0,::1,,,,1,0,1,7,0,2014/5/12 上午 10:37:01,2014/5/12 上午 10:37:01,2,1,2,1,0,"Lee Yin Ching  ",Normal
1231,LFM3061,AAB1DE80-E8E379A2-81E60DCE-70D203E8-A976F9A7-5F7CBBD5-01519BD1-3F70A3F4,LFM3061@palmary.com,,,99993061,1,Eliza Keung,,,1900,1,1,1,Z1234,,,,0,0,0,,0,::1,,,,1,0,1,7,0,2014/5/12 上午 10:37:01,2014/5/12 上午 10:37:01,2,1,2,1,0,"Eliza Keung  ",Normal
1232,LFM3062,A44A3D01-A52A1538-9F77EB91-50F66EAE-4D0CED04-501592F4-BDD07B0E-40829D29,LFM3062@palmary.com,,,99993062,1,Lai Yin Ching,,,1900,1,1,1,Z1234,,,,0,0,0,,0,::1,,,,1,0,1,7,0,2014/5/12 上午 10:37:01,2014/5/12 上午 10:37:01,2,1,2,1,0,"Lai Yin Ching  ",Normal
1233,LFM3063,AB9F581E-B74AC9E5-06D4CF35-876B7EC6-3BAF21F7-6308B99F-48960CD7-3B377995,LFM3063@palmary.com,,,99993063,1,Lau Siu Mi,,,1900,1,1,1,Z1234,,,,0,0,0,,0,::1,,,,1,0,1,7,0,2014/5/12 上午 10:37:01,2014/5/12 上午 10:37:01,2,1,2,1,0,"Lau Siu Mi  ",Normal
1234,LFM3064,E1C57B7F-C2C399A2-1342C05D-19CF01D3-025234B9-69123AAE-64421F56-9A37DE68,LFM3064@palmary.com,,,99993064,1,Cheng Yin Ling Gladys,,,1900,1,1,1,Z1234,,,,0,0,0,,0,::1,,,,1,0,1,7,0,2014/5/12 上午 10:37:01,2014/5/12 上午 10:37:01,2,1,2,1,0,"Cheng Yin Ling Gladys  ",Normal
1235,LFM3065,EE222499-6A710352-3B647039-7AD27C93-403C0652-0555CA4D-F0BE5B69-ED68939E,LFM3065@palmary.com,,,99993065,1,Ku Yuk Chun,,,1900,1,1,1,Z1234,,,,0,0,0,,0,::1,,,,1,0,1,7,0,2014/5/12 上午 10:37:01,2014/5/12 上午 10:37:01,2,1,2,1,0,"Ku Yuk Chun  ",Normal
1236,LFM3066,7FFD9906-19607065-7C7D6DC2-37DBF347-590EA5C6-D4CF89DE-5627AF27-4F63D860,LFM3066@palmary.com,,,99993066,1,Chan Yin Ping,,,1900,1,1,1,Z1234,,,,0,0,0,,0,::1,,,,1,0,1,7,0,2014/5/12 上午 10:37:01,2014/5/12 上午 10:37:01,2,1,2,1,0,"Chan Yin Ping  ",Normal
1237,LFM3067,D45AB8AC-A3BF0279-E7452CF4-F28CDFC7-C3819B32-BB3E0D1F-B4C9D229-8FF8171D,LFM3067@palmary.com,,,99993067,1,Wong Hing Mui Michelle,,,1900,1,1,1,Z1234,,,,0,0,0,,0,::1,,,,1,0,1,7,0,2014/5/12 上午 10:37:01,2014/5/12 上午 10:37:01,2,1,2,1,0,"Wong Hing Mui Michelle  ",Normal
1238,LFM3068,4FFEAD5D-D399B138-778F478B-DAE61387-F6EFC61C-B15334E6-2490F153-73FAA2EC,LFM3068@palmary.com,,,99993068,1,Tang Kit Po Mable,,,1900,1,1,1,Z1234,,,,0,0,0,,0,::1,,,,1,0,1,7,0,2014/5/12 上午 10:37:01,2014/5/12 上午 10:37:01,2,1,2,1,0,"Tang Kit Po Mable  ",Normal
1239,LFM3069,EFA9C19D-22C7D86A-1A17784A-798D8D4A-EA6DD750-635C591D-DBDA427F-E332D685,LFM3069@palmary.com,,,99993069,1,Wong Shau King,,,1900,1,1,1,Z1234,,,,0,0,0,,0,::1,,,,1,0,1,7,0,2014/5/12 上午 10:37:01,2014/5/12 上午 10:37:01,2,1,2,1,0,"Wong Shau King  ",Normal
1240,LFM3070,5EDDC883-AAC1C510-53B699F6-F7F182E4-F2681408-1AAC0AEB-367C357A-EA11FE92,LFM3070@palmary.com,,,99993070,1,Yuen Sui Han,,,1900,1,1,1,Z1234,,,,0,0,0,,0,::1,,,,1,0,1,7,0,2014/5/12 上午 10:37:01,2014/5/12 上午 10:37:01,2,1,2,1,0,"Yuen Sui Han  ",Normal
1241,LFM3071,F0DA87C2-7DFA5F17-1575BC64-7E699573-C94E46CB-A605DB75-2927A4AF-31E3C699,LFM3071@palmary.com,,,99993071,1,Kong Wing Han,,,1900,1,1,1,Z1234,,,,0,0,0,,0,::1,,,,1,0,1,7,0,2014/5/12 上午 10:37:01,2014/5/12 上午 10:37:01,2,1,2,1,0,"Kong Wing Han  ",Normal
1242,LFM3072,2AA7FEE6-834A52F4-2CA77A81-D17A8BD7-698C4206-83D07C54-D0C102F7-CB9541A1,LFM3072@palmary.com,,,99993072,1,Cheung Fung Kuen Cora,,,1900,1,1,1,Z1234,,,,0,0,0,,0,::1,,,,1,0,1,7,0,2014/5/12 上午 10:37:01,2014/5/12 上午 10:37:01,2,1,2,1,0,"Cheung Fung Kuen Cora  ",Normal
1243,LFM3073,29FFB447-5AF227A6-B0C16485-9E65966D-F74E1823-23947862-BDCBB8BE-CBC0F1CB,LFM3073@palmary.com,,,99993073,1,Lung Sui Ying,,,1900,1,1,1,Z1234,,,,0,0,0,,0,::1,,,,1,0,1,7,0,2014/5/12 上午 10:37:02,2014/5/12 上午 10:37:02,2,1,2,1,0,"Lung Sui Ying  ",Normal
1244,LFM3074,7E37328C-2714342A-4BA33A01-E1FDA48A-98341D74-4B947838-90280E34-6B7AF7F5,LFM3074@palmary.com,,,99993074,1,Fu Mee King,,,1900,1,1,1,Z1234,,,,0,0,0,,0,::1,,,,1,0,1,7,0,2014/5/12 上午 10:37:02,2014/5/12 上午 10:37:02,2,1,2,1,0,"Fu Mee King  ",Normal
1245,LFM3075,8057B22E-1B28FA45-CB4BD545-D7466527-F8720143-FE3B0A4D-E63E627B-05107CA4,LFM3075@palmary.com,,,99993075,1,Lee Tsz King,,,1900,1,1,1,Z1234,,,,0,0,0,,0,::1,,,,1,0,1,7,0,2014/5/12 上午 10:37:02,2014/5/12 上午 10:37:02,2,1,2,1,0,"Lee Tsz King  ",Normal
1246,LFM3076,63526842-316E1CE0-9CC767AC-D1804590-81B0DE8B-B9FB75EE-8AFA02EE-C2D3A533,LFM3076@palmary.com,,,99993076,1,Ho Wai Han,,,1900,1,1,1,Z1234,,,,0,0,0,,0,::1,,,,1,0,1,7,0,2014/5/12 上午 10:37:02,2014/5/12 上午 10:37:02,2,1,2,1,0,"Ho Wai Han  ",Normal
1247,LFM3077,5AF9FB2A-AF1A6786-59113203-0CA47FE9-94B52394-CB26F6A9-44A5FCE8-A20256E4,LFM3077@palmary.com,,,99993077,1,Chan Kwan Yun,,,1900,1,1,1,Z1234,,,,0,0,0,,0,::1,,,,1,0,1,7,0,2014/5/12 上午 10:37:02,2014/5/12 上午 10:37:02,2,1,2,1,0,"Chan Kwan Yun  ",Normal
1248,LFM3078,F6936967-3A7AC43A-9B8CB2EE-5CFD159D-518BFB96-0BE53F5F-568D75AA-EAE48EB6,LFM3078@palmary.com,,,99993078,1,So Man Yee Teresa,,,1900,1,1,1,Z1234,,,,0,0,0,,0,::1,,,,1,0,1,7,0,2014/5/12 上午 10:37:02,2014/5/12 上午 10:37:02,2,1,2,1,0,"So Man Yee Teresa  ",Normal
1249,LFM3079,22914835-27C3E8FB-1AE07C14-DBAAB532-267B0E14-A2DC6001-6C89D4A3-C50F5CCC,LFM3079@palmary.com,,,99993079,1,Tsang Ka Man,,,1900,1,1,1,Z1234,,,,0,0,0,,0,::1,,,,1,0,1,7,0,2014/5/12 上午 10:37:02,2014/5/12 上午 10:37:02,2,1,2,1,0,"Tsang Ka Man  ",Normal
1250,LFM3080,740A269E-25A23FEC-CFC97892-A53331D3-15622EE3-1EBB61B4-5EDC8451-40BA0F1E,LFM3080@palmary.com,,,99993080,1,Cheung Yuet Leung,,,1900,1,1,1,Z1234,,,,0,0,0,,0,::1,,,,1,0,1,7,0,2014/5/12 上午 10:37:02,2014/5/12 上午 10:37:02,2,1,2,1,0,"Cheung Yuet Leung  ",Normal
1251,LFM3081,C7BCBDEB-788721BB-5279DA94-F997DEE5-0A76D438-0CBC2D61-E78D9509-20839E2C,LFM3081@palmary.com,,,99993081,1,Tse Suk Yuen Ijo,,,1900,1,1,1,Z1234,,,,0,0,0,,0,::1,,,,1,0,1,7,0,2014/5/12 上午 10:37:02,2014/5/12 上午 10:37:02,2,1,2,1,0,"Tse Suk Yuen Ijo  ",Normal
1252,LFM3082,55F488D3-ED24089D-F838077A-B046432C-1B1E440B-1918E17B-0FBA0E2F-C8B41E31,LFM3082@palmary.com,,,99993082,1,Tang Wai Ching Jane,,,1900,1,1,1,Z1234,,,,0,0,0,,0,::1,,,,1,0,1,7,0,2014/5/12 上午 10:37:02,2014/5/12 上午 10:37:02,2,1,2,1,0,"Tang Wai Ching Jane  ",Normal
1253,LFM3083,6A87275C-EDF30340-F5362C7A-22E39047-F367F30B-690102C7-A315089E-CFBC411D,LFM3083@palmary.com,,,99993083,1,Ng Man Hung,,,1900,1,1,1,Z1234,,,,0,0,0,,0,::1,,,,1,0,1,7,0,2014/5/12 上午 10:37:02,2014/5/12 上午 10:37:02,2,1,2,1,0,"Ng Man Hung  ",Normal
1254,LFM3084,B0680E47-6BAC2F9C-2BBBCF86-3E213B0D-8B067F0D-4C61F630-E49196C1-7A191513,LFM3084@palmary.com,,,99993084,1,Lam See Vun Sylvia,,,1900,1,1,1,Z1234,,,,0,0,0,,0,::1,,,,1,0,1,7,0,2014/5/12 上午 10:37:02,2014/5/12 上午 10:37:02,2,1,2,1,0,"Lam See Vun Sylvia  ",Normal
1255,LFM3085,619D33B6-757BFDE9-CF842590-F91ACC39-21299602-5AA2AC25-14965ADC-46193455,LFM3085@palmary.com,,,99993085,1,Ho Siu King,,,1900,1,1,1,Z1234,,,,0,0,0,,0,::1,,,,1,0,1,7,0,2014/5/12 上午 10:37:02,2014/5/12 上午 10:37:02,2,1,2,1,0,"Ho Siu King  ",Normal
1256,LFM3086,1A08ADC5-E5BDAA1A-36FA51F4-21EE301F-6CC07D4A-89D995B9-08C5D3FE-8EC985CC,LFM3086@palmary.com,,,99993086,1,Lau Yuen Wan,,,1900,1,1,1,Z1234,,,,0,0,0,,0,::1,,,,1,0,1,7,0,2014/5/12 上午 10:37:02,2014/5/12 上午 10:37:02,2,1,2,1,0,"Lau Yuen Wan  ",Normal
1257,LFM3087,E4A20308-436A6159-55967988-AF1FA475-7AFC7DAA-F4A8F62D-B9AC2AE4-BAE3CB7D,LFM3087@palmary.com,,,99993087,1,Lau Yuk Wan,,,1900,1,1,1,Z1234,,,,0,0,0,,0,::1,,,,1,0,1,7,0,2014/5/12 上午 10:37:02,2014/5/12 上午 10:37:02,2,1,2,1,0,"Lau Yuk Wan  ",Normal
1258,LFM3088,F9C97179-25F58385-1F5D3114-7EF89FDB-5304FC7B-F0CF45AD-B3110132-95D1B885,LFM3088@palmary.com,,,99993088,1,Kwong Man Yiu Stella,,,1900,1,1,1,Z1234,,,,0,0,0,,0,::1,,,,1,0,1,7,0,2014/5/12 上午 10:37:02,2014/5/12 上午 10:37:02,2,1,2,1,0,"Kwong Man Yiu Stella  ",Normal
1259,LFM3089,651D6D64-D8E50AEE-B8FD419B-85C0320F-19EC1A73-6BE1E0D8-DDCD2CE4-F9C79B55,LFM3089@palmary.com,,,99993089,1,Chan Yin Ching,,,1900,1,1,1,Z1234,,,,0,0,0,,0,::1,,,,1,0,1,7,0,2014/5/12 上午 10:37:02,2014/5/12 上午 10:37:02,2,1,2,1,0,"Chan Yin Ching  ",Normal
1260,LFM3090,54C522FE-C3E41C1C-59F7E970-60F3021F-3B6C87AF-3ECF826F-A137C9DA-8F887535,LFM3090@palmary.com,,,99993090,1,Lau Wai Man Janet,,,1900,1,1,1,Z1234,,,,0,0,0,,0,::1,,,,1,0,1,7,0,2014/5/12 上午 10:37:02,2014/5/12 上午 10:37:02,2,1,2,1,0,"Lau Wai Man Janet  ",Normal
1261,LFM3091,91DDB256-EF3FDADF-6C01085C-06EE894E-2D7B5519-DB59136C-C4DD876F-82B744E8,LFM3091@palmary.com,,,99993091,1,Chong Ying Fong,,,1900,1,1,1,Z1234,,,,0,0,0,,0,::1,,,,1,0,1,7,0,2014/5/12 上午 10:37:02,2014/5/12 上午 10:37:02,2,1,2,1,0,"Chong Ying Fong  ",Normal
1262,LFM3092,361D980C-4DE4216B-71BEF8BA-AED18C1A-722A02B9-675028AE-1D16BCBB-535340E1,LFM3092@palmary.com,,,99993092,1,Yeung Kwok Ying Anita,,,1900,1,1,1,Z1234,,,,0,0,0,,0,::1,,,,1,0,1,7,0,2014/5/12 上午 10:37:02,2014/5/12 上午 10:37:02,2,1,2,1,0,"Yeung Kwok Ying Anita  ",Normal
1263,LFM3093,31A5AED5-7405DFA2-CCCDAA90-481D3102-2625E889-9085BFE9-0E730248-09B7E45C,LFM3093@palmary.com,,,99993093,1,Leung Ngar Wing,,,1900,1,1,1,Z1234,,,,0,0,0,,0,::1,,,,1,0,1,7,0,2014/5/12 上午 10:37:02,2014/5/12 上午 10:37:02,2,1,2,1,0,"Leung Ngar Wing  ",Normal
1264,LFM3094,14A52B3E-ECF986D7-D7FC62E4-A503C8A0-A0D42E10-4CF78668-69A4CB75-88A36F17,LFM3094@palmary.com,,,99993094,1,Yeung Kwei Fun Adda,,,1900,1,1,1,Z1234,,,,0,0,0,,0,::1,,,,1,0,1,7,0,2014/5/12 上午 10:37:02,2014/5/12 上午 10:37:02,2,1,2,1,0,"Yeung Kwei Fun Adda  ",Normal
1265,LFM3095,200B8177-D5B9C796-CDC89A9E-84533077-6D224A1F-86C95331-327F8C6B-FA68E2DC,LFM3095@palmary.com,,,99993095,1,Li Sui Wan Peria,,,1900,1,1,1,Z1234,,,,0,0,0,,0,::1,,,,1,0,1,7,0,2014/5/12 上午 10:37:02,2014/5/12 上午 10:37:02,2,1,2,1,0,"Li Sui Wan Peria  ",Normal
1266,LFM3096,87F9E39D-B2D33DC6-4DD619C2-228BEAFE-E4BDB487-240E2D44-3B53B99A-C1CBB43D,LFM3096@palmary.com,,,99993096,1,Mak Shuk Yi,,,1900,1,1,1,Z1234,,,,0,0,0,,0,::1,,,,1,0,1,7,0,2014/5/12 上午 10:37:02,2014/5/12 上午 10:37:02,2,1,2,1,0,"Mak Shuk Yi  ",Normal
1267,LFM3097,FD86FA80-E876A467-C7F5B3A0-23D44591-19162525-A52D75AD-EA420CAB-E0D6177A,LFM3097@palmary.com,,,99993097,1,Man Yin Mei,,,1900,1,1,1,Z1234,,,,0,0,0,,0,::1,,,,1,0,1,7,0,2014/5/12 上午 10:37:02,2014/5/12 上午 10:37:02,2,1,2,1,0,"Man Yin Mei  ",Normal
1268,LFM3098,0C34CA84-2A8D02D0-5C4B8AF9-FD1FC03E-D7BDC149-E86233BF-A17675A1-004BC8F8,LFM3098@palmary.com,,,99993098,1,Cheung Ching Lan,,,1900,1,1,1,Z1234,,,,0,0,0,,0,::1,,,,1,0,1,7,0,2014/5/12 上午 10:37:02,2014/5/12 上午 10:37:02,2,1,2,1,0,"Cheung Ching Lan  ",Normal
1269,LFM3099,09A45C0B-B97728D7-8523925E-00E46F15-1A372466-3E59B05C-2587A43F-B625B5D8,LFM3099@palmary.com,,,99993099,1,Chiu Hung Mui,,,1900,1,1,1,Z1234,,,,0,0,0,,0,::1,,,,1,0,1,7,0,2014/5/12 上午 10:37:02,2014/5/12 上午 10:37:02,2,1,2,1,0,"Chiu Hung Mui  ",Normal
1078,SB1078,9E2CCE19-84D201FD-748D5AF9-FEEFDEA8-5D50D2EC-31D79A5C-84C0CD8F-0FD2621A,ekahoomsn@hotmail.com,624113259,ekahoomsn@hotmail.com,,1,Leo,Ka Ho,Lee,1988,3,19,1,,,,,0,0,0,,0,,,,,1,0,1,7,0,2014/5/12 上午 01:40:20,2014/5/12 上午 01:40:20,-1000,-1001,-1000,-1001,0,Leo Ka Ho Lee,Normal
1271,SB1271,1CCC63FE-3BFACD9A-2AC60635-8517D9C1-AF473487-61DFA1E3-D9E3E3D7-9375FA1A,ilovelfj@seeno.hk,1450478511862525,ilovelfj@seeno.hk,,1,Mise,,Seeno,1987,10,18,1,,,,,0,0,0,,0,,,,,1,0,1,7,0,2014/5/12 下午 05:17:02,2014/5/12 下午 05:17:02,-1000,-1001,-1000,-1001,0,Mise  Seeno,Normal
